"Frequency","Power"
5.17875e+09,-91.3422
5.17875e+09,-95.7621
5.17875e+09,-85.7399
5.17875e+09,-83.1324
5.17875e+09,-86.0383
5.17875e+09,-90.1569
5.17875e+09,-101.35
5.17875e+09,-89.8026
5.17875e+09,-88.1495
5.17876e+09,-91.4128
5.17876e+09,-99.6084
5.17876e+09,-98.7236
5.17876e+09,-91.0106
5.17876e+09,-83.3741
5.17876e+09,-82.725
5.17876e+09,-88.5114
5.17876e+09,-88.608
5.17876e+09,-93.5815
5.17876e+09,-89.1478
5.17876e+09,-84.1597
5.17876e+09,-83.6816
5.17876e+09,-84.8383
5.17876e+09,-85.0766
5.17876e+09,-91.9461
5.17876e+09,-87.5648
5.17876e+09,-85.1439
5.17876e+09,-93.7181
5.17876e+09,-91.7696
5.17876e+09,-84.8709
5.17877e+09,-93.4656
5.17877e+09,-89.6499
5.17877e+09,-99.8805
5.17877e+09,-98.2394
5.17877e+09,-90.8637
5.17877e+09,-86.7042
5.17877e+09,-83.2222
5.17877e+09,-84.6368
5.17877e+09,-93.6927
5.17877e+09,-94.5752
5.17877e+09,-89.1928
5.17877e+09,-88.1119
5.17877e+09,-89.2189
5.17877e+09,-95.8696
5.17877e+09,-87.7866
5.17877e+09,-82.7753
5.17877e+09,-85.6922
5.17877e+09,-91.2559
5.17877e+09,-88.4269
5.17878e+09,-96.4991
5.17878e+09,-94.4646
5.17878e+09,-82.6995
5.17878e+09,-78.4427
5.17878e+09,-80.2277
5.17878e+09,-86.0239
5.17878e+09,-86.4047
5.17878e+09,-84.7956
5.17878e+09,-81.229
5.17878e+09,-82.645
5.17878e+09,-86.5718
5.17878e+09,-87.7982
5.17878e+09,-86.517
5.17878e+09,-89.6771
5.17878e+09,-91.0022
5.17878e+09,-94.725
5.17878e+09,-89.138
5.17878e+09,-91.6365
5.17878e+09,-91.1453
5.17878e+09,-86.3074
5.17879e+09,-85.0849
5.17879e+09,-92.8241
5.17879e+09,-81.7213
5.17879e+09,-81.418
5.17879e+09,-82.73
5.17879e+09,-83.8536
5.17879e+09,-88.095
5.17879e+09,-94.6004
5.17879e+09,-85.0937
5.17879e+09,-84.765
5.17879e+09,-86.3405
5.17879e+09,-86.3011
5.17879e+09,-89.8907
5.17879e+09,-91.2697
5.17879e+09,-88.1627
5.17879e+09,-83.597
5.17879e+09,-86.1877
5.17879e+09,-92.7568
5.17879e+09,-89.4758
5.1788e+09,-88.9735
5.1788e+09,-91.2159
5.1788e+09,-94.1076
5.1788e+09,-87.8501
5.1788e+09,-89.1515
5.1788e+09,-105.117
5.1788e+09,-94.2408
5.1788e+09,-93.364
5.1788e+09,-91.006
5.1788e+09,-88.1728
5.1788e+09,-83.833
5.1788e+09,-85.3238
5.1788e+09,-90.9121
5.1788e+09,-89.4341
5.1788e+09,-93.1136
5.1788e+09,-91.2743
5.1788e+09,-89.6773
5.1788e+09,-85.7746
5.1788e+09,-91.0393
5.1788e+09,-90.3694
5.17881e+09,-87.1391
5.17881e+09,-87.3558
5.17881e+09,-87.5532
5.17881e+09,-86.3259
5.17881e+09,-89.5831
5.17881e+09,-86.7073
5.17881e+09,-85.1881
5.17881e+09,-94.9631
5.17881e+09,-84.722
5.17881e+09,-84.3845
5.17881e+09,-86.4134
5.17881e+09,-88.1707
5.17881e+09,-88.4157
5.17881e+09,-87.5305
5.17881e+09,-91.8036
5.17881e+09,-86.6062
5.17881e+09,-98.0469
5.17881e+09,-94.4561
5.17881e+09,-83.393
5.17881e+09,-86.5888
5.17882e+09,-88.7111
5.17882e+09,-92.1633
5.17882e+09,-95.6577
5.17882e+09,-88.5183
5.17882e+09,-99.9775
5.17882e+09,-86.412
5.17882e+09,-81.1038
5.17882e+09,-82.0054
5.17882e+09,-83.0449
5.17882e+09,-83.237
5.17882e+09,-87.482
5.17882e+09,-85.5507
5.17882e+09,-80.6532
5.17882e+09,-82.7922
5.17882e+09,-95.0445
5.17882e+09,-91.2206
5.17882e+09,-84.949
5.17882e+09,-86.4705
5.17882e+09,-86.4961
5.17883e+09,-89.9828
5.17883e+09,-93.55
5.17883e+09,-93.7582
5.17883e+09,-86.7568
5.17883e+09,-90.6875
5.17883e+09,-88.99
5.17883e+09,-92.1625
5.17883e+09,-89.0232
5.17883e+09,-88.3963
5.17883e+09,-91.9128
5.17883e+09,-85.1561
5.17883e+09,-84.0944
5.17883e+09,-89.2147
5.17883e+09,-88.6101
5.17883e+09,-87.0645
5.17883e+09,-89.8088
5.17883e+09,-97.5521
5.17883e+09,-90.7122
5.17883e+09,-89.5184
5.17883e+09,-88.078
5.17884e+09,-91.6702
5.17884e+09,-88.9902
5.17884e+09,-85.1237
5.17884e+09,-85.7001
5.17884e+09,-93.3223
5.17884e+09,-98.1688
5.17884e+09,-106.947
5.17884e+09,-97.8637
5.17884e+09,-100.79
5.17884e+09,-89.7991
5.17884e+09,-85.9013
5.17884e+09,-85.267
5.17884e+09,-86.8227
5.17884e+09,-90.9688
5.17884e+09,-89.4106
5.17884e+09,-92.2443
5.17884e+09,-86.8813
5.17884e+09,-81.6616
5.17884e+09,-81.6967
5.17885e+09,-85.3622
5.17885e+09,-88.7329
5.17885e+09,-93.3559
5.17885e+09,-95.7951
5.17885e+09,-88.4289
5.17885e+09,-84.3569
5.17885e+09,-95.5798
5.17885e+09,-91.4873
5.17885e+09,-92.521
5.17885e+09,-84.9339
5.17885e+09,-86.5025
5.17885e+09,-94.4773
5.17885e+09,-85.438
5.17885e+09,-85.0887
5.17885e+09,-89.5005
5.17885e+09,-89.4523
5.17885e+09,-86.7471
5.17885e+09,-85.9032
5.17885e+09,-88.6445
5.17885e+09,-89.9675
5.17886e+09,-92.4583
5.17886e+09,-100.63
5.17886e+09,-94.1484
5.17886e+09,-84.69
5.17886e+09,-84.405
5.17886e+09,-90.8109
5.17886e+09,-89.8972
5.17886e+09,-97.2505
5.17886e+09,-87.0889
5.17886e+09,-85.9494
5.17886e+09,-93.3801
5.17886e+09,-90.3773
5.17886e+09,-88.1919
5.17886e+09,-92.0612
5.17886e+09,-91.2759
5.17886e+09,-86.9867
5.17886e+09,-83.3626
5.17886e+09,-85.7065
5.17886e+09,-87.3191
5.17887e+09,-87.8325
5.17887e+09,-94.727
5.17887e+09,-90.1642
5.17887e+09,-92.9092
5.17887e+09,-89.1734
5.17887e+09,-86.1197
5.17887e+09,-87.977
5.17887e+09,-96.4632
5.17887e+09,-88.3266
5.17887e+09,-85.2931
5.17887e+09,-90.425
5.17887e+09,-91.5466
5.17887e+09,-89.3757
5.17887e+09,-87.8857
5.17887e+09,-95.5543
5.17887e+09,-96.8794
5.17887e+09,-91.0749
5.17887e+09,-95.0316
5.17887e+09,-94.0458
5.17887e+09,-90.1027
5.17888e+09,-93.9281
5.17888e+09,-100.773
5.17888e+09,-84.5501
5.17888e+09,-82.5222
5.17888e+09,-87.6528
5.17888e+09,-92.8586
5.17888e+09,-88.5882
5.17888e+09,-85.6636
5.17888e+09,-93.6491
5.17888e+09,-84.6259
5.17888e+09,-85.357
5.17888e+09,-90.7906
5.17888e+09,-89.0516
5.17888e+09,-92.998
5.17888e+09,-94.6795
5.17888e+09,-91.7315
5.17888e+09,-88.0661
5.17888e+09,-86.8856
5.17888e+09,-92.2205
5.17889e+09,-100.421
5.17889e+09,-107.294
5.17889e+09,-102.672
5.17889e+09,-85.3197
5.17889e+09,-81.4822
5.17889e+09,-82.1738
5.17889e+09,-86.9597
5.17889e+09,-95.2792
5.17889e+09,-98.2542
5.17889e+09,-91.668
5.17889e+09,-93.6004
5.17889e+09,-93.7986
5.17889e+09,-84.4681
5.17889e+09,-83.6135
5.17889e+09,-87.4023
5.17889e+09,-92.8368
5.17889e+09,-93.2991
5.17889e+09,-88.4657
5.17889e+09,-85.2109
5.17889e+09,-88.1911
5.1789e+09,-91.9905
5.1789e+09,-93.8662
5.1789e+09,-90.7866
5.1789e+09,-88.9483
5.1789e+09,-99.8997
5.1789e+09,-94.2152
5.1789e+09,-88.0165
5.1789e+09,-92.0848
5.1789e+09,-88.7808
5.1789e+09,-88.1497
5.1789e+09,-90.9569
5.1789e+09,-88.8417
5.1789e+09,-85.9901
5.1789e+09,-87.8873
5.1789e+09,-93.1267
5.1789e+09,-85.3914
5.1789e+09,-86.9653
5.1789e+09,-92.8341
5.1789e+09,-90.5921
5.17891e+09,-97.984
5.17891e+09,-92.6255
5.17891e+09,-89.5474
5.17891e+09,-92.1024
5.17891e+09,-91.4577
5.17891e+09,-92.143
5.17891e+09,-101.118
5.17891e+09,-94.0351
5.17891e+09,-97.4374
5.17891e+09,-86.3783
5.17891e+09,-86.4117
5.17891e+09,-85.9354
5.17891e+09,-90.1859
5.17891e+09,-88.8232
5.17891e+09,-90.0223
5.17891e+09,-93.1365
5.17891e+09,-110.372
5.17891e+09,-105.007
5.17891e+09,-93.6168
5.17891e+09,-93.3673
5.17892e+09,-108.006
5.17892e+09,-101.166
5.17892e+09,-89.3322
5.17892e+09,-82.4834
5.17892e+09,-85.8941
5.17892e+09,-108.895
5.17892e+09,-93.6834
5.17892e+09,-97.492
5.17892e+09,-92.7716
5.17892e+09,-91.8004
5.17892e+09,-95.8951
5.17892e+09,-104.544
5.17892e+09,-88.0701
5.17892e+09,-87.1247
5.17892e+09,-89.1361
5.17892e+09,-98.8873
5.17892e+09,-114.067
5.17892e+09,-91.2741
5.17892e+09,-85.4073
5.17893e+09,-87.4938
5.17893e+09,-100.248
5.17893e+09,-90.2754
5.17893e+09,-85.2491
5.17893e+09,-85.0361
5.17893e+09,-82.5197
5.17893e+09,-83.5886
5.17893e+09,-98.3701
5.17893e+09,-93.4139
5.17893e+09,-84.3429
5.17893e+09,-87.489
5.17893e+09,-96.14
5.17893e+09,-87.6917
5.17893e+09,-84.7952
5.17893e+09,-87.9356
5.17893e+09,-88.4678
5.17893e+09,-91.689
5.17893e+09,-96.8547
5.17893e+09,-99.054
5.17893e+09,-100.251
5.17894e+09,-87.6745
5.17894e+09,-88.0883
5.17894e+09,-92.6119
5.17894e+09,-94.0707
5.17894e+09,-84.5435
5.17894e+09,-85.0194
5.17894e+09,-88.1759
5.17894e+09,-102.775
5.17894e+09,-89.0051
5.17894e+09,-99.9889
5.17894e+09,-101.085
5.17894e+09,-91.8376
5.17894e+09,-98.1306
5.17894e+09,-95.7841
5.17894e+09,-89.349
5.17894e+09,-94.0013
5.17894e+09,-100.797
5.17894e+09,-89.9267
5.17894e+09,-92.7705
5.17895e+09,-93.2598
5.17895e+09,-94.3388
5.17895e+09,-97.5047
5.17895e+09,-97.4083
5.17895e+09,-102.384
5.17895e+09,-95.9833
5.17895e+09,-90.1554
5.17895e+09,-98.1936
5.17895e+09,-90.786
5.17895e+09,-94.1019
5.17895e+09,-98.1386
5.17895e+09,-95.0283
5.17895e+09,-92.1324
5.17895e+09,-93.9323
5.17895e+09,-95.1708
5.17895e+09,-105.377
5.17895e+09,-95.431
5.17895e+09,-91.9678
5.17895e+09,-104.207
5.17895e+09,-95.7313
5.17896e+09,-95.7227
5.17896e+09,-85.3448
5.17896e+09,-86.8066
5.17896e+09,-93.0127
5.17896e+09,-91.3441
5.17896e+09,-95.2386
5.17896e+09,-97.3108
5.17896e+09,-89.3622
5.17896e+09,-88.1929
5.17896e+09,-87.4275
5.17896e+09,-88.1769
5.17896e+09,-90.9899
5.17896e+09,-91.8842
5.17896e+09,-85.9715
5.17896e+09,-89.5303
5.17896e+09,-97.0053
5.17896e+09,-91.8227
5.17896e+09,-99.2195
5.17896e+09,-101.97
5.17896e+09,-97.9862
5.17897e+09,-84.0484
5.17897e+09,-85.3244
5.17897e+09,-97.4523
5.17897e+09,-98.9388
5.17897e+09,-87.4783
5.17897e+09,-85.8284
5.17897e+09,-91.4104
5.17897e+09,-97.8346
5.17897e+09,-88.9875
5.17897e+09,-87.284
5.17897e+09,-85.4791
5.17897e+09,-81.3358
5.17897e+09,-82.212
5.17897e+09,-89.2539
5.17897e+09,-92.9953
5.17897e+09,-84.1007
5.17897e+09,-85.3972
5.17897e+09,-100.676
5.17897e+09,-95.9997
5.17898e+09,-95.493
5.17898e+09,-93.6022
5.17898e+09,-101.366
5.17898e+09,-93.3426
5.17898e+09,-86.6257
5.17898e+09,-85.6359
5.17898e+09,-94.829
5.17898e+09,-101.534
5.17898e+09,-91.9199
5.17898e+09,-95.64
5.17898e+09,-99.3936
5.17898e+09,-88.5206
5.17898e+09,-90.4601
5.17898e+09,-92.5202
5.17898e+09,-88.4577
5.17898e+09,-96.5975
5.17898e+09,-99.4443
5.17898e+09,-99.7371
5.17898e+09,-112.891
5.17898e+09,-88.4975
5.17899e+09,-87.5342
5.17899e+09,-100.632
5.17899e+09,-96.7816
5.17899e+09,-96.4569
5.17899e+09,-101.243
5.17899e+09,-93.1548
5.17899e+09,-89.435
5.17899e+09,-89.5094
5.17899e+09,-89.3217
5.17899e+09,-100.445
5.17899e+09,-101.735
5.17899e+09,-89.444
5.17899e+09,-87.3714
5.17899e+09,-88.953
5.17899e+09,-95.6331
5.17899e+09,-98.1589
5.17899e+09,-89.3061
5.17899e+09,-91.7133
5.17899e+09,-110.163
5.179e+09,-98.0975
5.179e+09,-89.764
5.179e+09,-85.7291
5.179e+09,-85.1133
5.179e+09,-87.3794
5.179e+09,-89.9096
5.179e+09,-90.814
5.179e+09,-92.887
5.179e+09,-94.8817
5.179e+09,-98.5527
5.179e+09,-90.5866
5.179e+09,-89.1432
5.179e+09,-95.3326
5.179e+09,-98.4771
5.179e+09,-103.114
5.179e+09,-92.3597
5.179e+09,-91.6067
5.179e+09,-89.6082
5.179e+09,-96.6215
5.179e+09,-96.6016
5.17901e+09,-92.5954
5.17901e+09,-105.739
5.17901e+09,-89.6715
5.17901e+09,-89.5203
5.17901e+09,-100.349
5.17901e+09,-105.531
5.17901e+09,-101.918
5.17901e+09,-92.8366
5.17901e+09,-95.6145
5.17901e+09,-96.1618
5.17901e+09,-96.4927
5.17901e+09,-112.259
5.17901e+09,-91.9572
5.17901e+09,-90.7953
5.17901e+09,-90.361
5.17901e+09,-93.4834
5.17901e+09,-97.9529
5.17901e+09,-89.1707
5.17901e+09,-93.0147
5.17902e+09,-103.791
5.17902e+09,-106.283
5.17902e+09,-100.238
5.17902e+09,-90.2914
5.17902e+09,-90.0112
5.17902e+09,-92.1769
5.17902e+09,-98.1915
5.17902e+09,-108.28
5.17902e+09,-92.628
5.17902e+09,-107.916
5.17902e+09,-89.1389
5.17902e+09,-90.0255
5.17902e+09,-95.9926
5.17902e+09,-97.6496
5.17902e+09,-89.2074
5.17902e+09,-87.8871
5.17902e+09,-91.0018
5.17902e+09,-90.076
5.17902e+09,-91.1543
5.17902e+09,-102.715
5.17903e+09,-98.4944
5.17903e+09,-102.88
5.17903e+09,-89.1528
5.17903e+09,-89.4005
5.17903e+09,-92.2923
5.17903e+09,-100.638
5.17903e+09,-93.5179
5.17903e+09,-95.5977
5.17903e+09,-90.4256
5.17903e+09,-91.1373
5.17903e+09,-97.0797
5.17903e+09,-98.8868
5.17903e+09,-94.6875
5.17903e+09,-92.468
5.17903e+09,-91.4942
5.17903e+09,-89.816
5.17903e+09,-94.1656
5.17903e+09,-92.6225
5.17903e+09,-91.9436
5.17904e+09,-90.3808
5.17904e+09,-87.3343
5.17904e+09,-93.8166
5.17904e+09,-100.169
5.17904e+09,-93.6816
5.17904e+09,-88.7655
5.17904e+09,-91.4161
5.17904e+09,-98.6695
5.17904e+09,-100.249
5.17904e+09,-91.1432
5.17904e+09,-88.4966
5.17904e+09,-88.1664
5.17904e+09,-88.6616
5.17904e+09,-88.5899
5.17904e+09,-86.5012
5.17904e+09,-89.0269
5.17904e+09,-95.7655
5.17904e+09,-90.8098
5.17904e+09,-95.8081
5.17904e+09,-113.437
5.17905e+09,-109.775
5.17905e+09,-102.647
5.17905e+09,-99.2778
5.17905e+09,-99.8733
5.17905e+09,-93.7877
5.17905e+09,-96.9199
5.17905e+09,-88.7854
5.17905e+09,-86.5435
5.17905e+09,-89.8063
5.17905e+09,-92.6997
5.17905e+09,-94.7845
5.17905e+09,-101.576
5.17905e+09,-103.282
5.17905e+09,-99.9616
5.17905e+09,-102.727
5.17905e+09,-96.754
5.17905e+09,-95.2652
5.17905e+09,-98.7685
5.17905e+09,-95.4729
5.17906e+09,-91.4763
5.17906e+09,-95.8219
5.17906e+09,-91.4457
5.17906e+09,-94.6152
5.17906e+09,-96.6085
5.17906e+09,-95.2051
5.17906e+09,-99.1387
5.17906e+09,-93.2608
5.17906e+09,-97.7561
5.17906e+09,-97.2426
5.17906e+09,-91.9248
5.17906e+09,-96.522
5.17906e+09,-120.25
5.17906e+09,-96.2284
5.17906e+09,-89.8201
5.17906e+09,-93.1541
5.17906e+09,-91.5809
5.17906e+09,-99.2975
5.17906e+09,-92.3655
5.17906e+09,-91.126
5.17907e+09,-90.9563
5.17907e+09,-93.4911
5.17907e+09,-94.1936
5.17907e+09,-92.4325
5.17907e+09,-97.4174
5.17907e+09,-98.7017
5.17907e+09,-94.5193
5.17907e+09,-91.6226
5.17907e+09,-91.9643
5.17907e+09,-97.0295
5.17907e+09,-92.1351
5.17907e+09,-96.051
5.17907e+09,-91.3113
5.17907e+09,-92.0025
5.17907e+09,-99.564
5.17907e+09,-91.9105
5.17907e+09,-86.6012
5.17907e+09,-84.5314
5.17907e+09,-86.3738
5.17908e+09,-92.7533
5.17908e+09,-97.2266
5.17908e+09,-100.466
5.17908e+09,-92.9984
5.17908e+09,-96.5342
5.17908e+09,-98.3105
5.17908e+09,-92.1397
5.17908e+09,-96.1862
5.17908e+09,-94.5337
5.17908e+09,-93.676
5.17908e+09,-95.5355
5.17908e+09,-94.3943
5.17908e+09,-101.602
5.17908e+09,-100.857
5.17908e+09,-93.5016
5.17908e+09,-100.161
5.17908e+09,-96.0034
5.17908e+09,-97.8795
5.17908e+09,-90.9486
5.17908e+09,-90.9829
5.17909e+09,-94.1059
5.17909e+09,-96.2153
5.17909e+09,-92.7072
5.17909e+09,-94.9375
5.17909e+09,-100.911
5.17909e+09,-106.564
5.17909e+09,-92.1439
5.17909e+09,-92.1863
5.17909e+09,-100.245
5.17909e+09,-94.1213
5.17909e+09,-95.9027
5.17909e+09,-99.2593
5.17909e+09,-93.3892
5.17909e+09,-92.7274
5.17909e+09,-97.3418
5.17909e+09,-114.643
5.17909e+09,-105.288
5.17909e+09,-96.9936
5.17909e+09,-99.5836
5.1791e+09,-106.482
5.1791e+09,-109.126
5.1791e+09,-106.856
5.1791e+09,-106.168
5.1791e+09,-93.3269
5.1791e+09,-97.7883
5.1791e+09,-107.286
5.1791e+09,-97.4479
5.1791e+09,-90.05
5.1791e+09,-90.5192
5.1791e+09,-99.5216
5.1791e+09,-87.224
5.1791e+09,-88.2034
5.1791e+09,-95.4096
5.1791e+09,-97.1955
5.1791e+09,-121.336
5.1791e+09,-94.6903
5.1791e+09,-94.0936
5.1791e+09,-97.8454
5.1791e+09,-95.5452
5.17911e+09,-90.7232
5.17911e+09,-103.142
5.17911e+09,-97.7114
5.17911e+09,-97.3759
5.17911e+09,-113.544
5.17911e+09,-120.515
5.17911e+09,-98.4417
5.17911e+09,-102.409
5.17911e+09,-99.2443
5.17911e+09,-94.5595
5.17911e+09,-95.6312
5.17911e+09,-106.497
5.17911e+09,-98.9509
5.17911e+09,-94.6066
5.17911e+09,-104.084
5.17911e+09,-112.359
5.17911e+09,-102.881
5.17911e+09,-98.6871
5.17911e+09,-97.1375
5.17912e+09,-101.062
5.17912e+09,-95.4528
5.17912e+09,-96.8723
5.17912e+09,-97.2324
5.17912e+09,-93.6255
5.17912e+09,-93.8996
5.17912e+09,-99.7545
5.17912e+09,-100.394
5.17912e+09,-101.823
5.17912e+09,-114.518
5.17912e+09,-95.0837
5.17912e+09,-98.0599
5.17912e+09,-102.757
5.17912e+09,-92.8795
5.17912e+09,-94.3662
5.17912e+09,-95.2626
5.17912e+09,-95.2805
5.17912e+09,-103.405
5.17912e+09,-95.7049
5.17912e+09,-92.7656
5.17913e+09,-108.618
5.17913e+09,-90.8457
5.17913e+09,-94.1404
5.17913e+09,-98.7993
5.17913e+09,-92.2237
5.17913e+09,-91.0654
5.17913e+09,-96.9018
5.17913e+09,-93.5199
5.17913e+09,-86.5484
5.17913e+09,-87.9558
5.17913e+09,-99.9549
5.17913e+09,-107.259
5.17913e+09,-97.5842
5.17913e+09,-98.1153
5.17913e+09,-97.9797
5.17913e+09,-95.963
5.17913e+09,-95.689
5.17913e+09,-101.551
5.17913e+09,-106.483
5.17913e+09,-105.935
5.17914e+09,-97.0225
5.17914e+09,-99.2211
5.17914e+09,-91.1234
5.17914e+09,-87.3025
5.17914e+09,-91.0308
5.17914e+09,-98.5328
5.17914e+09,-97.2982
5.17914e+09,-95.4595
5.17914e+09,-97.4694
5.17914e+09,-102.914
5.17914e+09,-94.0556
5.17914e+09,-92.1478
5.17914e+09,-96.0949
5.17914e+09,-95.6316
5.17914e+09,-92.6423
5.17914e+09,-96.6271
5.17914e+09,-107.981
5.17914e+09,-103.034
5.17914e+09,-94.1131
5.17915e+09,-96.2611
5.17915e+09,-99.696
5.17915e+09,-93.7205
5.17915e+09,-91.2011
5.17915e+09,-90.9163
5.17915e+09,-89.96
5.17915e+09,-90.1545
5.17915e+09,-102.036
5.17915e+09,-101.342
5.17915e+09,-100.255
5.17915e+09,-107.645
5.17915e+09,-96.0272
5.17915e+09,-96.4198
5.17915e+09,-95.8865
5.17915e+09,-97.5341
5.17915e+09,-89.4945
5.17915e+09,-93.9218
5.17915e+09,-94.506
5.17915e+09,-97.5819
5.17915e+09,-96.6357
5.17916e+09,-91.8183
5.17916e+09,-92.8389
5.17916e+09,-97.8304
5.17916e+09,-94.2219
5.17916e+09,-95.3831
5.17916e+09,-93.9287
5.17916e+09,-101.374
5.17916e+09,-105.477
5.17916e+09,-107.307
5.17916e+09,-104.806
5.17916e+09,-103.61
5.17916e+09,-96.9331
5.17916e+09,-101.754
5.17916e+09,-93.9137
5.17916e+09,-93.4731
5.17916e+09,-94.5678
5.17916e+09,-94.5299
5.17916e+09,-100.34
5.17916e+09,-95.6872
5.17917e+09,-99.8083
5.17917e+09,-105.611
5.17917e+09,-101.214
5.17917e+09,-99.5651
5.17917e+09,-93.4319
5.17917e+09,-90.1638
5.17917e+09,-93.2739
5.17917e+09,-94.9179
5.17917e+09,-93.6761
5.17917e+09,-89.4237
5.17917e+09,-91.3013
5.17917e+09,-92.685
5.17917e+09,-95.9822
5.17917e+09,-93.2185
5.17917e+09,-95.8168
5.17917e+09,-99.0275
5.17917e+09,-98.1503
5.17917e+09,-95.9984
5.17917e+09,-88.5886
5.17917e+09,-87.0609
5.17918e+09,-93.6439
5.17918e+09,-97.1969
5.17918e+09,-94.856
5.17918e+09,-94.7002
5.17918e+09,-99.2515
5.17918e+09,-92.3204
5.17918e+09,-90.2204
5.17918e+09,-90.1713
5.17918e+09,-101.18
5.17918e+09,-106.068
5.17918e+09,-98.4535
5.17918e+09,-102.727
5.17918e+09,-120.406
5.17918e+09,-96.9259
5.17918e+09,-99.2799
5.17918e+09,-92.7747
5.17918e+09,-94.5807
5.17918e+09,-99.2639
5.17918e+09,-97.507
5.17919e+09,-100.817
5.17919e+09,-95.7398
5.17919e+09,-98.1599
5.17919e+09,-107.81
5.17919e+09,-107.573
5.17919e+09,-97.3971
5.17919e+09,-92.4369
5.17919e+09,-91.7956
5.17919e+09,-98.2904
5.17919e+09,-93.4776
5.17919e+09,-88.8728
5.17919e+09,-90.7068
5.17919e+09,-96.4827
5.17919e+09,-99.4251
5.17919e+09,-103.437
5.17919e+09,-100.786
5.17919e+09,-101.463
5.17919e+09,-97.9781
5.17919e+09,-94.3341
5.17919e+09,-96.4339
5.1792e+09,-96.5042
5.1792e+09,-92.931
5.1792e+09,-99.8237
5.1792e+09,-91.0829
5.1792e+09,-91.9805
5.1792e+09,-95.3853
5.1792e+09,-104.148
5.1792e+09,-95.1866
5.1792e+09,-99.1994
5.1792e+09,-99.7377
5.1792e+09,-97.4638
5.1792e+09,-100.49
5.1792e+09,-91.8318
5.1792e+09,-89.7878
5.1792e+09,-88.5331
5.1792e+09,-94.3694
5.1792e+09,-95.6347
5.1792e+09,-89.9604
5.1792e+09,-91.3878
5.17921e+09,-96.4
5.17921e+09,-97.3997
5.17921e+09,-96.7435
5.17921e+09,-100.895
5.17921e+09,-95.9226
5.17921e+09,-89.9362
5.17921e+09,-91.9568
5.17921e+09,-99.1232
5.17921e+09,-95.0177
5.17921e+09,-103.187
5.17921e+09,-93.7334
5.17921e+09,-100.736
5.17921e+09,-91.1404
5.17921e+09,-91.6713
5.17921e+09,-95.1665
5.17921e+09,-94.8774
5.17921e+09,-113.198
5.17921e+09,-92.8868
5.17921e+09,-92.0951
5.17921e+09,-91.3799
5.17922e+09,-91.4206
5.17922e+09,-95.5438
5.17922e+09,-91.0001
5.17922e+09,-96.5049
5.17922e+09,-94.2755
5.17922e+09,-88.8374
5.17922e+09,-91.5501
5.17922e+09,-97.6001
5.17922e+09,-101.082
5.17922e+09,-89.9534
5.17922e+09,-93.5919
5.17922e+09,-95.2942
5.17922e+09,-95.6308
5.17922e+09,-91.7874
5.17922e+09,-91.3814
5.17922e+09,-89.1164
5.17922e+09,-88.5206
5.17922e+09,-93.8691
5.17922e+09,-98.3187
5.17923e+09,-100.435
5.17923e+09,-104.506
5.17923e+09,-95.9784
5.17923e+09,-90.7638
5.17923e+09,-97.1007
5.17923e+09,-89.5086
5.17923e+09,-97.5261
5.17923e+09,-96.0943
5.17923e+09,-95.8912
5.17923e+09,-101.675
5.17923e+09,-108.636
5.17923e+09,-95.8808
5.17923e+09,-90.5087
5.17923e+09,-89.9271
5.17923e+09,-90.1372
5.17923e+09,-95.2511
5.17923e+09,-97.0557
5.17923e+09,-98.0279
5.17923e+09,-95.7113
5.17923e+09,-89.5745
5.17924e+09,-90.0285
5.17924e+09,-92.2136
5.17924e+09,-91.4389
5.17924e+09,-90.776
5.17924e+09,-91.9578
5.17924e+09,-91.9212
5.17924e+09,-92.7847
5.17924e+09,-92.8983
5.17924e+09,-91.0468
5.17924e+09,-90.893
5.17924e+09,-92.2418
5.17924e+09,-91.9262
5.17924e+09,-112.512
5.17924e+09,-99.3723
5.17924e+09,-95.3141
5.17924e+09,-92.1335
5.17924e+09,-89.1057
5.17924e+09,-90.9953
5.17924e+09,-98.9764
5.17925e+09,-99.2171
5.17925e+09,-100.35
5.17925e+09,-103.966
5.17925e+09,-95.994
5.17925e+09,-92.3576
5.17925e+09,-95.7598
5.17925e+09,-105.192
5.17925e+09,-98.5479
5.17925e+09,-93.5294
5.17925e+09,-91.6754
5.17925e+09,-92.0572
5.17925e+09,-100.48
5.17925e+09,-92.6438
5.17925e+09,-96.2179
5.17925e+09,-88.5173
5.17925e+09,-89.8537
5.17925e+09,-99.3006
5.17925e+09,-96.7338
5.17925e+09,-93.0994
5.17925e+09,-93.8721
5.17926e+09,-92.9303
5.17926e+09,-126.982
5.17926e+09,-93.011
5.17926e+09,-98.0821
5.17926e+09,-101.829
5.17926e+09,-92.8001
5.17926e+09,-88.7923
5.17926e+09,-90.702
5.17926e+09,-93.8831
5.17926e+09,-92.7254
5.17926e+09,-95.7538
5.17926e+09,-93.5899
5.17926e+09,-96.1692
5.17926e+09,-108.085
5.17926e+09,-93.2775
5.17926e+09,-89.0403
5.17926e+09,-93.9064
5.17926e+09,-102.961
5.17926e+09,-92.7925
5.17927e+09,-100.734
5.17927e+09,-93.7177
5.17927e+09,-96.4963
5.17927e+09,-101.33
5.17927e+09,-106.665
5.17927e+09,-98.5369
5.17927e+09,-96.8459
5.17927e+09,-99.6868
5.17927e+09,-92.725
5.17927e+09,-92.0189
5.17927e+09,-94.7507
5.17927e+09,-91.3201
5.17927e+09,-92.6441
5.17927e+09,-94.2669
5.17927e+09,-89.2205
5.17927e+09,-90.3409
5.17927e+09,-98.1856
5.17927e+09,-91.0405
5.17927e+09,-94.6006
5.17927e+09,-91.6462
5.17928e+09,-91.1167
5.17928e+09,-90.9278
5.17928e+09,-89.8249
5.17928e+09,-88.4224
5.17928e+09,-88.5593
5.17928e+09,-90.216
5.17928e+09,-93.9759
5.17928e+09,-96.0139
5.17928e+09,-94.458
5.17928e+09,-100.019
5.17928e+09,-102.003
5.17928e+09,-94.0911
5.17928e+09,-87.6122
5.17928e+09,-87.2728
5.17928e+09,-91.674
5.17928e+09,-106.453
5.17928e+09,-105.938
5.17928e+09,-113.265
5.17928e+09,-103.138
5.17928e+09,-99.5104
5.17929e+09,-96.7252
5.17929e+09,-94.5596
5.17929e+09,-93.4277
5.17929e+09,-87.4997
5.17929e+09,-86.1937
5.17929e+09,-92.0145
5.17929e+09,-110.484
5.17929e+09,-96.39
5.17929e+09,-101.074
5.17929e+09,-99.4177
5.17929e+09,-90.4146
5.17929e+09,-90.4053
5.17929e+09,-90.683
5.17929e+09,-88.8355
5.17929e+09,-91.1718
5.17929e+09,-91.2246
5.17929e+09,-92.0771
5.17929e+09,-97.4637
5.17929e+09,-89.2753
5.1793e+09,-85.6788
5.1793e+09,-86.1581
5.1793e+09,-87.3485
5.1793e+09,-91.0819
5.1793e+09,-93.761
5.1793e+09,-92.508
5.1793e+09,-92.5451
5.1793e+09,-95.6714
5.1793e+09,-94.141
5.1793e+09,-98.0761
5.1793e+09,-102.532
5.1793e+09,-93.8894
5.1793e+09,-90.7633
5.1793e+09,-93.3894
5.1793e+09,-91.0109
5.1793e+09,-91.6502
5.1793e+09,-90.4466
5.1793e+09,-89.8274
5.1793e+09,-90.0848
5.1793e+09,-97.7919
5.17931e+09,-95.594
5.17931e+09,-97.9894
5.17931e+09,-95.3273
5.17931e+09,-92.7677
5.17931e+09,-92.6058
5.17931e+09,-99.5654
5.17931e+09,-91.3019
5.17931e+09,-89.9109
5.17931e+09,-93.98
5.17931e+09,-93.6429
5.17931e+09,-102.633
5.17931e+09,-96.9746
5.17931e+09,-91.2753
5.17931e+09,-96.9841
5.17931e+09,-100.721
5.17931e+09,-100.768
5.17931e+09,-91.7023
5.17931e+09,-90.0544
5.17931e+09,-95.3606
5.17932e+09,-100.896
5.17932e+09,-96.24
5.17932e+09,-93.3056
5.17932e+09,-94.1418
5.17932e+09,-98.5257
5.17932e+09,-89.1745
5.17932e+09,-89.24
5.17932e+09,-91.064
5.17932e+09,-91.7439
5.17932e+09,-89.3484
5.17932e+09,-97.1493
5.17932e+09,-95.2226
5.17932e+09,-93.4177
5.17932e+09,-100.042
5.17932e+09,-99.8796
5.17932e+09,-92.2481
5.17932e+09,-92.8668
5.17932e+09,-108.086
5.17932e+09,-92.62
5.17932e+09,-91.2856
5.17933e+09,-94.857
5.17933e+09,-101.735
5.17933e+09,-98.919
5.17933e+09,-93.5671
5.17933e+09,-95.7295
5.17933e+09,-100.574
5.17933e+09,-98.324
5.17933e+09,-94.2272
5.17933e+09,-86.6083
5.17933e+09,-87.5783
5.17933e+09,-97.1951
5.17933e+09,-102.033
5.17933e+09,-101.226
5.17933e+09,-89.9681
5.17933e+09,-95.6321
5.17933e+09,-116.451
5.17933e+09,-99.9863
5.17933e+09,-103.821
5.17933e+09,-96.1077
5.17934e+09,-94.933
5.17934e+09,-113.671
5.17934e+09,-106.199
5.17934e+09,-103.57
5.17934e+09,-108.569
5.17934e+09,-101.001
5.17934e+09,-100.126
5.17934e+09,-91.9837
5.17934e+09,-92.1025
5.17934e+09,-95.3224
5.17934e+09,-92.2315
5.17934e+09,-89.7332
5.17934e+09,-93.642
5.17934e+09,-92.4482
5.17934e+09,-96.7648
5.17934e+09,-89.0098
5.17934e+09,-91.5435
5.17934e+09,-95.7126
5.17934e+09,-90.5282
5.17934e+09,-93.189
5.17935e+09,-95.4837
5.17935e+09,-93.455
5.17935e+09,-93.2336
5.17935e+09,-97.5022
5.17935e+09,-95.881
5.17935e+09,-99.7484
5.17935e+09,-101.332
5.17935e+09,-102.374
5.17935e+09,-104.175
5.17935e+09,-95.114
5.17935e+09,-98.618
5.17935e+09,-102.378
5.17935e+09,-99.7385
5.17935e+09,-98.176
5.17935e+09,-100.162
5.17935e+09,-89.7088
5.17935e+09,-95.8667
5.17935e+09,-95.5789
5.17935e+09,-95.8184
5.17936e+09,-104.414
5.17936e+09,-99.0273
5.17936e+09,-102.116
5.17936e+09,-103.138
5.17936e+09,-106.964
5.17936e+09,-99.751
5.17936e+09,-91.753
5.17936e+09,-89.4186
5.17936e+09,-95.4921
5.17936e+09,-98.8545
5.17936e+09,-92.4549
5.17936e+09,-91.5541
5.17936e+09,-101.189
5.17936e+09,-96.8851
5.17936e+09,-106.768
5.17936e+09,-98.9764
5.17936e+09,-95.661
5.17936e+09,-99.4719
5.17936e+09,-90.7656
5.17936e+09,-87.6187
5.17937e+09,-92.8272
5.17937e+09,-93.1662
5.17937e+09,-90.6266
5.17937e+09,-92.6173
5.17937e+09,-95.4734
5.17937e+09,-108.588
5.17937e+09,-98.0611
5.17937e+09,-106.464
5.17937e+09,-96.2123
5.17937e+09,-91.1134
5.17937e+09,-90.4856
5.17937e+09,-99.3616
5.17937e+09,-94.7553
5.17937e+09,-95.4921
5.17937e+09,-97.1358
5.17937e+09,-92.2813
5.17937e+09,-93.426
5.17937e+09,-96.6146
5.17937e+09,-94.5448
5.17938e+09,-90.326
5.17938e+09,-91.5583
5.17938e+09,-99.6945
5.17938e+09,-97.017
5.17938e+09,-96.5987
5.17938e+09,-92.0876
5.17938e+09,-93.1779
5.17938e+09,-98.6161
5.17938e+09,-99.1714
5.17938e+09,-117.224
5.17938e+09,-93.1286
5.17938e+09,-92.3337
5.17938e+09,-101.939
5.17938e+09,-95.4501
5.17938e+09,-98.2274
5.17938e+09,-102.618
5.17938e+09,-90.8263
5.17938e+09,-86.9406
5.17938e+09,-88.7775
5.17938e+09,-94.472
5.17939e+09,-92.5234
5.17939e+09,-93.7057
5.17939e+09,-105.695
5.17939e+09,-95.6559
5.17939e+09,-97.7212
5.17939e+09,-95.8624
5.17939e+09,-96.4772
5.17939e+09,-96.1502
5.17939e+09,-93.1846
5.17939e+09,-90.3595
5.17939e+09,-91.0147
5.17939e+09,-104.709
5.17939e+09,-93.6314
5.17939e+09,-93.0087
5.17939e+09,-92.1561
5.17939e+09,-96.5377
5.17939e+09,-103.015
5.17939e+09,-98.504
5.17939e+09,-97.917
5.1794e+09,-96.2727
5.1794e+09,-88.4529
5.1794e+09,-90.7145
5.1794e+09,-103.691
5.1794e+09,-97.8833
5.1794e+09,-99.5803
5.1794e+09,-95.4081
5.1794e+09,-92.1859
5.1794e+09,-95.082
5.1794e+09,-96.1691
5.1794e+09,-92.5817
5.1794e+09,-92.1535
5.1794e+09,-95.8873
5.1794e+09,-98.2507
5.1794e+09,-97.8232
5.1794e+09,-106.236
5.1794e+09,-94.4519
5.1794e+09,-87.8488
5.1794e+09,-86.6223
5.1794e+09,-91.7529
5.17941e+09,-92.2118
5.17941e+09,-88.0919
5.17941e+09,-93.9591
5.17941e+09,-96.1412
5.17941e+09,-97.8689
5.17941e+09,-88.6862
5.17941e+09,-89.6587
5.17941e+09,-93.7428
5.17941e+09,-90.7712
5.17941e+09,-89.1069
5.17941e+09,-94.1813
5.17941e+09,-103.028
5.17941e+09,-102.878
5.17941e+09,-96.3029
5.17941e+09,-97.6456
5.17941e+09,-102.33
5.17941e+09,-110.408
5.17941e+09,-96.7076
5.17941e+09,-91.8212
5.17942e+09,-90.5834
5.17942e+09,-87.4366
5.17942e+09,-88.0399
5.17942e+09,-98.1387
5.17942e+09,-103.227
5.17942e+09,-97.6253
5.17942e+09,-90.4651
5.17942e+09,-88.1725
5.17942e+09,-89.2371
5.17942e+09,-93.4214
5.17942e+09,-103.842
5.17942e+09,-91.3223
5.17942e+09,-91.831
5.17942e+09,-95.5481
5.17942e+09,-98.3008
5.17942e+09,-89.7921
5.17942e+09,-96.5376
5.17942e+09,-92.9555
5.17942e+09,-91.2654
5.17942e+09,-93.5776
5.17943e+09,-91.2508
5.17943e+09,-91.5298
5.17943e+09,-99.8106
5.17943e+09,-92.3306
5.17943e+09,-89.2209
5.17943e+09,-90.9724
5.17943e+09,-95.8703
5.17943e+09,-95.2944
5.17943e+09,-100.929
5.17943e+09,-99.4463
5.17943e+09,-92.2482
5.17943e+09,-93.4707
5.17943e+09,-105.213
5.17943e+09,-100.549
5.17943e+09,-95.6159
5.17943e+09,-93.0213
5.17943e+09,-90.3886
5.17943e+09,-88.8662
5.17943e+09,-90.2066
5.17944e+09,-93.4757
5.17944e+09,-104.769
5.17944e+09,-101.596
5.17944e+09,-106.254
5.17944e+09,-94.0942
5.17944e+09,-93.569
5.17944e+09,-97.6485
5.17944e+09,-101.314
5.17944e+09,-100.409
5.17944e+09,-97.6911
5.17944e+09,-94.1684
5.17944e+09,-91.3138
5.17944e+09,-95.7505
5.17944e+09,-96.3105
5.17944e+09,-89.9935
5.17944e+09,-93.4489
5.17944e+09,-95.2583
5.17944e+09,-97.4498
5.17944e+09,-95.4704
5.17944e+09,-94.2273
5.17945e+09,-101.042
5.17945e+09,-91.8544
5.17945e+09,-88.2706
5.17945e+09,-92.7017
5.17945e+09,-98.1666
5.17945e+09,-94.037
5.17945e+09,-93.8341
5.17945e+09,-90.2684
5.17945e+09,-91.0303
5.17945e+09,-96.2423
5.17945e+09,-106.25
5.17945e+09,-106.127
5.17945e+09,-94.5403
5.17945e+09,-96.9782
5.17945e+09,-104.896
5.17945e+09,-98.2024
5.17945e+09,-102.496
5.17945e+09,-114.971
5.17945e+09,-96.5562
5.17945e+09,-93.0813
5.17946e+09,-95.6698
5.17946e+09,-89.4237
5.17946e+09,-90.7823
5.17946e+09,-97.6116
5.17946e+09,-87.4964
5.17946e+09,-89.7912
5.17946e+09,-107.657
5.17946e+09,-98.0402
5.17946e+09,-94.1289
5.17946e+09,-95.7072
5.17946e+09,-103.426
5.17946e+09,-95.1652
5.17946e+09,-87.8079
5.17946e+09,-92.0071
5.17946e+09,-92.3951
5.17946e+09,-94.9173
5.17946e+09,-96.368
5.17946e+09,-95.073
5.17946e+09,-95.3429
5.17947e+09,-93.7424
5.17947e+09,-105.224
5.17947e+09,-95.1869
5.17947e+09,-96.5297
5.17947e+09,-95.2072
5.17947e+09,-92.2607
5.17947e+09,-95.4105
5.17947e+09,-93.7021
5.17947e+09,-89.9403
5.17947e+09,-89.1816
5.17947e+09,-90.0157
5.17947e+09,-91.0136
5.17947e+09,-98.4324
5.17947e+09,-95.6466
5.17947e+09,-94.9732
5.17947e+09,-92.8241
5.17947e+09,-89.805
5.17947e+09,-93.3496
5.17947e+09,-99.037
5.17947e+09,-94.171
5.17948e+09,-87.5525
5.17948e+09,-88.0293
5.17948e+09,-92.3566
5.17948e+09,-92.3769
5.17948e+09,-97.6094
5.17948e+09,-93.2975
5.17948e+09,-94.6147
5.17948e+09,-106.386
5.17948e+09,-90.7541
5.17948e+09,-86.1221
5.17948e+09,-86.2829
5.17948e+09,-88.843
5.17948e+09,-94.4245
5.17948e+09,-96.1889
5.17948e+09,-98.8053
5.17948e+09,-95.3213
5.17948e+09,-95.3781
5.17948e+09,-93.4314
5.17948e+09,-90.0597
5.17949e+09,-96.1047
5.17949e+09,-94.7045
5.17949e+09,-93.1828
5.17949e+09,-99.086
5.17949e+09,-98.5442
5.17949e+09,-98.4984
5.17949e+09,-105.556
5.17949e+09,-98.9384
5.17949e+09,-92.7742
5.17949e+09,-89.9645
5.17949e+09,-92.3165
5.17949e+09,-95.369
5.17949e+09,-96.817
5.17949e+09,-98.3519
5.17949e+09,-101.921
5.17949e+09,-93.0602
5.17949e+09,-91.0812
5.17949e+09,-100.257
5.17949e+09,-93.8951
5.17949e+09,-99.4059
5.1795e+09,-103.623
5.1795e+09,-92.37
5.1795e+09,-88.6339
5.1795e+09,-93.217
5.1795e+09,-96.6289
5.1795e+09,-95.646
5.1795e+09,-90.6636
5.1795e+09,-101.682
5.1795e+09,-91.0015
5.1795e+09,-89.8628
5.1795e+09,-90.9729
5.1795e+09,-88.3514
5.1795e+09,-90.1011
5.1795e+09,-89.6251
5.1795e+09,-90.8705
5.1795e+09,-95.0646
5.1795e+09,-103.8
5.1795e+09,-91.712
5.1795e+09,-90.5945
5.17951e+09,-89.8056
5.17951e+09,-90.74
5.17951e+09,-94.8295
5.17951e+09,-93.4022
5.17951e+09,-88.6463
5.17951e+09,-89.3026
5.17951e+09,-91.9668
5.17951e+09,-94.8123
5.17951e+09,-95.1405
5.17951e+09,-97.9224
5.17951e+09,-89.6861
5.17951e+09,-89.5515
5.17951e+09,-94.9913
5.17951e+09,-97.486
5.17951e+09,-105.216
5.17951e+09,-100.513
5.17951e+09,-106.663
5.17951e+09,-98.2604
5.17951e+09,-96.0388
5.17951e+09,-97.3916
5.17952e+09,-94.6703
5.17952e+09,-91.8793
5.17952e+09,-94.7267
5.17952e+09,-90.7183
5.17952e+09,-91.0961
5.17952e+09,-94.0421
5.17952e+09,-107.71
5.17952e+09,-91.357
5.17952e+09,-87.4297
5.17952e+09,-92.6601
5.17952e+09,-98.7511
5.17952e+09,-97.0247
5.17952e+09,-89.5033
5.17952e+09,-85.8035
5.17952e+09,-90.073
5.17952e+09,-104.413
5.17952e+09,-95.4754
5.17952e+09,-96.675
5.17952e+09,-97.0432
5.17953e+09,-95.2933
5.17953e+09,-105.49
5.17953e+09,-99.2505
5.17953e+09,-94.5334
5.17953e+09,-96.3568
5.17953e+09,-102.734
5.17953e+09,-98.7932
5.17953e+09,-95.2453
5.17953e+09,-92.0343
5.17953e+09,-92.009
5.17953e+09,-98.0624
5.17953e+09,-105.202
5.17953e+09,-97.8326
5.17953e+09,-96.5804
5.17953e+09,-96.9916
5.17953e+09,-103.089
5.17953e+09,-97.1187
5.17953e+09,-94.8828
5.17953e+09,-98.0015
5.17953e+09,-100.5
5.17954e+09,-95.6329
5.17954e+09,-94.8667
5.17954e+09,-100.182
5.17954e+09,-92.6629
5.17954e+09,-91.3189
5.17954e+09,-89.651
5.17954e+09,-98.7597
5.17954e+09,-90.799
5.17954e+09,-89.3571
5.17954e+09,-87.2973
5.17954e+09,-90.7299
5.17954e+09,-99.6735
5.17954e+09,-91.9538
5.17954e+09,-89.3237
5.17954e+09,-95.7257
5.17954e+09,-92.5145
5.17954e+09,-95.8432
5.17954e+09,-89.9305
5.17954e+09,-88.4288
5.17955e+09,-91.7415
5.17955e+09,-89.4705
5.17955e+09,-92.7813
5.17955e+09,-113.764
5.17955e+09,-88.6333
5.17955e+09,-85.6647
5.17955e+09,-90.5177
5.17955e+09,-102.431
5.17955e+09,-108.305
5.17955e+09,-92.189
5.17955e+09,-90.4725
5.17955e+09,-96.1181
5.17955e+09,-98.2599
5.17955e+09,-92.0737
5.17955e+09,-91.0184
5.17955e+09,-96.9566
5.17955e+09,-99.4476
5.17955e+09,-94.0073
5.17955e+09,-93.1427
5.17955e+09,-97.7569
5.17956e+09,-92.3737
5.17956e+09,-87.3643
5.17956e+09,-89.1062
5.17956e+09,-103.055
5.17956e+09,-95.9505
5.17956e+09,-93.9569
5.17956e+09,-99.2772
5.17956e+09,-105.455
5.17956e+09,-94.8381
5.17956e+09,-88.1441
5.17956e+09,-87.6134
5.17956e+09,-89.8154
5.17956e+09,-98.4703
5.17956e+09,-89.9281
5.17956e+09,-89.9102
5.17956e+09,-95.6953
5.17956e+09,-93.5834
5.17956e+09,-101.067
5.17956e+09,-102.499
5.17957e+09,-104.994
5.17957e+09,-93.4751
5.17957e+09,-100.629
5.17957e+09,-101.33
5.17957e+09,-97.8804
5.17957e+09,-107.908
5.17957e+09,-93.1747
5.17957e+09,-91.936
5.17957e+09,-95.4079
5.17957e+09,-94.178
5.17957e+09,-108.073
5.17957e+09,-94.1751
5.17957e+09,-91.3057
5.17957e+09,-107.458
5.17957e+09,-98.4818
5.17957e+09,-89.9191
5.17957e+09,-89.5847
5.17957e+09,-96.9171
5.17957e+09,-109.196
5.17957e+09,-105.556
5.17958e+09,-97.0193
5.17958e+09,-93.4769
5.17958e+09,-91.4064
5.17958e+09,-95.1079
5.17958e+09,-97.1253
5.17958e+09,-98.6515
5.17958e+09,-99.3166
5.17958e+09,-94.1231
5.17958e+09,-91.7467
5.17958e+09,-95.406
5.17958e+09,-90.0997
5.17958e+09,-94.4068
5.17958e+09,-99.1625
5.17958e+09,-95.4252
5.17958e+09,-88.5018
5.17958e+09,-87.6958
5.17958e+09,-92.9198
5.17958e+09,-92.0801
5.17958e+09,-95.6872
5.17959e+09,-99.9453
5.17959e+09,-97.6072
5.17959e+09,-97.6283
5.17959e+09,-100.912
5.17959e+09,-97.8394
5.17959e+09,-89.2181
5.17959e+09,-89.7682
5.17959e+09,-94.5112
5.17959e+09,-99.5868
5.17959e+09,-92.267
5.17959e+09,-96.6407
5.17959e+09,-92.2191
5.17959e+09,-88.8803
5.17959e+09,-91.2172
5.17959e+09,-104.554
5.17959e+09,-97.2112
5.17959e+09,-98.8883
5.17959e+09,-92.5804
5.17959e+09,-103.438
5.17959e+09,-99.0737
5.1796e+09,-98.451
5.1796e+09,-97.9951
5.1796e+09,-94.5708
5.1796e+09,-100.087
5.1796e+09,-100.64
5.1796e+09,-103.372
5.1796e+09,-92.8799
5.1796e+09,-94.7036
5.1796e+09,-97.8178
5.1796e+09,-89.9597
5.1796e+09,-86.6911
5.1796e+09,-88.8994
5.1796e+09,-101.59
5.1796e+09,-97.3358
5.1796e+09,-90.7414
5.1796e+09,-93.1782
5.1796e+09,-102.174
5.1796e+09,-103.568
5.1796e+09,-96.6708
5.1796e+09,-97.9407
5.17961e+09,-100.856
5.17961e+09,-100.138
5.17961e+09,-91.6625
5.17961e+09,-99.0815
5.17961e+09,-99.9923
5.17961e+09,-96.1686
5.17961e+09,-91.3564
5.17961e+09,-97.4185
5.17961e+09,-95.1357
5.17961e+09,-97.5485
5.17961e+09,-107.812
5.17961e+09,-101.943
5.17961e+09,-104.989
5.17961e+09,-98.1532
5.17961e+09,-94.2214
5.17961e+09,-94.8507
5.17961e+09,-108.209
5.17961e+09,-102.798
5.17961e+09,-98.0734
5.17962e+09,-97.4338
5.17962e+09,-93.8907
5.17962e+09,-93.0762
5.17962e+09,-102.519
5.17962e+09,-90.97
5.17962e+09,-90.1503
5.17962e+09,-90.7665
5.17962e+09,-96.5673
5.17962e+09,-101.526
5.17962e+09,-91.7477
5.17962e+09,-94.5694
5.17962e+09,-91.8675
5.17962e+09,-95.1991
5.17962e+09,-94.7281
5.17962e+09,-91.7578
5.17962e+09,-108.877
5.17962e+09,-94.268
5.17962e+09,-101.598
5.17962e+09,-101.908
5.17962e+09,-93.9917
5.17963e+09,-94.2456
5.17963e+09,-96.1488
5.17963e+09,-99.3427
5.17963e+09,-95.0889
5.17963e+09,-103.864
5.17963e+09,-92.4824
5.17963e+09,-94.3795
5.17963e+09,-96.5175
5.17963e+09,-88.912
5.17963e+09,-93.5129
5.17963e+09,-96.895
5.17963e+09,-92.7626
5.17963e+09,-90.0647
5.17963e+09,-89.6125
5.17963e+09,-90.526
5.17963e+09,-91.7402
5.17963e+09,-89.5386
5.17963e+09,-90.7657
5.17963e+09,-107.123
5.17964e+09,-108.493
5.17964e+09,-96.9578
5.17964e+09,-91.26
5.17964e+09,-95.3636
5.17964e+09,-106.339
5.17964e+09,-98.7374
5.17964e+09,-97.7156
5.17964e+09,-91.4153
5.17964e+09,-92.8921
5.17964e+09,-97.0755
5.17964e+09,-94.1078
5.17964e+09,-95.1034
5.17964e+09,-95.1011
5.17964e+09,-102.266
5.17964e+09,-94.7749
5.17964e+09,-97.0223
5.17964e+09,-108.065
5.17964e+09,-92.9454
5.17964e+09,-95.3956
5.17964e+09,-101.131
5.17965e+09,-106.961
5.17965e+09,-95.5536
5.17965e+09,-98.2083
5.17965e+09,-94.4763
5.17965e+09,-102.607
5.17965e+09,-98.8065
5.17965e+09,-92.8443
5.17965e+09,-90.7047
5.17965e+09,-95.134
5.17965e+09,-94.784
5.17965e+09,-94.0259
5.17965e+09,-94.6747
5.17965e+09,-102.361
5.17965e+09,-101.409
5.17965e+09,-99.5434
5.17965e+09,-105.304
5.17965e+09,-98.5861
5.17965e+09,-99.4953
5.17965e+09,-102.223
5.17966e+09,-90.2931
5.17966e+09,-90.8547
5.17966e+09,-105.416
5.17966e+09,-94.7132
5.17966e+09,-94.8663
5.17966e+09,-91.0981
5.17966e+09,-90.0165
5.17966e+09,-97.6812
5.17966e+09,-98.1014
5.17966e+09,-99.6222
5.17966e+09,-92.5606
5.17966e+09,-89.2571
5.17966e+09,-90.9103
5.17966e+09,-94.1487
5.17966e+09,-97.6714
5.17966e+09,-96.2537
5.17966e+09,-107.213
5.17966e+09,-93.4686
5.17966e+09,-91.1779
5.17966e+09,-100.252
5.17967e+09,-91.1682
5.17967e+09,-92.9238
5.17967e+09,-95.8143
5.17967e+09,-95.1207
5.17967e+09,-99.6541
5.17967e+09,-95.0212
5.17967e+09,-91.4171
5.17967e+09,-92.9954
5.17967e+09,-93.4393
5.17967e+09,-89.5282
5.17967e+09,-89.7992
5.17967e+09,-90.583
5.17967e+09,-89.2572
5.17967e+09,-89.581
5.17967e+09,-90.4184
5.17967e+09,-89.6663
5.17967e+09,-87.9548
5.17967e+09,-91.3423
5.17967e+09,-94.4125
5.17968e+09,-91.7229
5.17968e+09,-92.1137
5.17968e+09,-89.0724
5.17968e+09,-89.6642
5.17968e+09,-98
5.17968e+09,-90.0945
5.17968e+09,-97.2896
5.17968e+09,-102.005
5.17968e+09,-94.8088
5.17968e+09,-102.081
5.17968e+09,-102.498
5.17968e+09,-90.9664
5.17968e+09,-97.2647
5.17968e+09,-89.9416
5.17968e+09,-97.0947
5.17968e+09,-107.179
5.17968e+09,-99.2577
5.17968e+09,-91.8043
5.17968e+09,-94.1453
5.17968e+09,-92.7973
5.17969e+09,-94.8638
5.17969e+09,-90.0527
5.17969e+09,-86.5926
5.17969e+09,-94.537
5.17969e+09,-92.0225
5.17969e+09,-89.1813
5.17969e+09,-90.6403
5.17969e+09,-97.3292
5.17969e+09,-98.5338
5.17969e+09,-112.357
5.17969e+09,-92.8741
5.17969e+09,-88.4275
5.17969e+09,-91.5295
5.17969e+09,-100.085
5.17969e+09,-110.695
5.17969e+09,-93.3835
5.17969e+09,-90.6444
5.17969e+09,-93.0814
5.17969e+09,-84.3438
5.1797e+09,-85.0638
5.1797e+09,-91.7991
5.1797e+09,-98.2022
5.1797e+09,-102.194
5.1797e+09,-91.0302
5.1797e+09,-88.736
5.1797e+09,-88.6192
5.1797e+09,-92.7844
5.1797e+09,-94.8232
5.1797e+09,-93.814
5.1797e+09,-93.0014
5.1797e+09,-86.969
5.1797e+09,-89.956
5.1797e+09,-94.6865
5.1797e+09,-131.824
5.1797e+09,-106.274
5.1797e+09,-104.921
5.1797e+09,-109.082
5.1797e+09,-115.553
5.1797e+09,-97.8587
5.17971e+09,-93.2158
5.17971e+09,-95.5037
5.17971e+09,-101.4
5.17971e+09,-99.8389
5.17971e+09,-96.2395
5.17971e+09,-90.9943
5.17971e+09,-93.0042
5.17971e+09,-97.7407
5.17971e+09,-99.3035
5.17971e+09,-99.6766
5.17971e+09,-95.7543
5.17971e+09,-105.855
5.17971e+09,-94.0654
5.17971e+09,-101.618
5.17971e+09,-98.6151
5.17971e+09,-91.2542
5.17971e+09,-89.15
5.17971e+09,-94.2463
5.17971e+09,-101.739
5.17972e+09,-93.9982
5.17972e+09,-89.1991
5.17972e+09,-89.5617
5.17972e+09,-90.1026
5.17972e+09,-95.7904
5.17972e+09,-93.2113
5.17972e+09,-91.1657
5.17972e+09,-96.732
5.17972e+09,-102.246
5.17972e+09,-96.7816
5.17972e+09,-96.812
5.17972e+09,-96.5998
5.17972e+09,-94.0746
5.17972e+09,-104.198
5.17972e+09,-94.4791
5.17972e+09,-92.8184
5.17972e+09,-91.0819
5.17972e+09,-86.2068
5.17972e+09,-86.8541
5.17972e+09,-104.086
5.17973e+09,-93.4662
5.17973e+09,-91.8501
5.17973e+09,-91.9931
5.17973e+09,-95.0639
5.17973e+09,-93.9215
5.17973e+09,-86.8768
5.17973e+09,-91.6284
5.17973e+09,-100.822
5.17973e+09,-89.0919
5.17973e+09,-87.6286
5.17973e+09,-101.224
5.17973e+09,-94.1454
5.17973e+09,-88.8686
5.17973e+09,-91.125
5.17973e+09,-89.3917
5.17973e+09,-91.3194
5.17973e+09,-96.8609
5.17973e+09,-89.35
5.17973e+09,-87.4299
5.17974e+09,-91.8159
5.17974e+09,-100.521
5.17974e+09,-91.0308
5.17974e+09,-90.4025
5.17974e+09,-92.6634
5.17974e+09,-95.5733
5.17974e+09,-94.7407
5.17974e+09,-117.316
5.17974e+09,-119.62
5.17974e+09,-93.8984
5.17974e+09,-93.562
5.17974e+09,-89.5687
5.17974e+09,-90.8571
5.17974e+09,-94.5774
5.17974e+09,-92.8727
5.17974e+09,-88.4604
5.17974e+09,-85.9205
5.17974e+09,-93.6332
5.17974e+09,-92.0927
5.17974e+09,-92.809
5.17975e+09,-101.557
5.17975e+09,-97.4614
5.17975e+09,-95.7258
5.17975e+09,-87.737
5.17975e+09,-87.3431
5.17975e+09,-89.1238
5.17975e+09,-96.6591
5.17975e+09,-102.462
5.17975e+09,-96.5778
5.17975e+09,-95.655
5.17975e+09,-88.0985
5.17975e+09,-86.4064
5.17975e+09,-90.5773
5.17975e+09,-102.266
5.17975e+09,-97.5317
5.17975e+09,-91.8837
5.17975e+09,-89.4531
5.17975e+09,-89.4828
5.17975e+09,-86.7313
5.17976e+09,-84.1656
5.17976e+09,-85.2904
5.17976e+09,-88.6756
5.17976e+09,-91.8811
5.17976e+09,-92.4927
5.17976e+09,-90.0795
5.17976e+09,-94.6888
5.17976e+09,-90.1278
5.17976e+09,-90.6455
5.17976e+09,-89.7053
5.17976e+09,-91.9756
5.17976e+09,-96.1017
5.17976e+09,-90.2016
5.17976e+09,-90.3273
5.17976e+09,-108.464
5.17976e+09,-99.3325
5.17976e+09,-86.6944
5.17976e+09,-81.6626
5.17976e+09,-84.6614
5.17976e+09,-94.5377
5.17977e+09,-92.8347
5.17977e+09,-90.9909
5.17977e+09,-88.063
5.17977e+09,-89.563
5.17977e+09,-98.1433
5.17977e+09,-102.523
5.17977e+09,-92.3064
5.17977e+09,-98.7097
5.17977e+09,-98.1687
5.17977e+09,-100.904
5.17977e+09,-85.3501
5.17977e+09,-84.3338
5.17977e+09,-95.1141
5.17977e+09,-100.988
5.17977e+09,-94.022
5.17977e+09,-94.9704
5.17977e+09,-92.013
5.17977e+09,-87.5206
5.17977e+09,-86.3721
5.17977e+09,-85.348
5.17978e+09,-87.2043
5.17978e+09,-90.9826
5.17978e+09,-92.4578
5.17978e+09,-87.9606
5.17978e+09,-87.6012
5.17978e+09,-89.4489
5.17978e+09,-89.0211
5.17978e+09,-85.93
5.17978e+09,-89.0999
5.17978e+09,-91.8968
5.17978e+09,-87.1385
5.17978e+09,-86.8399
5.17978e+09,-87.6801
5.17978e+09,-88.4205
5.17978e+09,-97.9928
5.17978e+09,-91.8952
5.17978e+09,-96.8969
5.17978e+09,-94.9188
5.17978e+09,-87.077
5.17979e+09,-86.6446
5.17979e+09,-95.4855
5.17979e+09,-95.4309
5.17979e+09,-93.7088
5.17979e+09,-90.1287
5.17979e+09,-87.339
5.17979e+09,-83.3455
5.17979e+09,-85.9477
5.17979e+09,-87.0857
5.17979e+09,-101.82
5.17979e+09,-87.6011
5.17979e+09,-91.9183
5.17979e+09,-91.8011
5.17979e+09,-93.3985
5.17979e+09,-82.9782
5.17979e+09,-85.6857
5.17979e+09,-95.0203
5.17979e+09,-91.2521
5.17979e+09,-88.2266
5.17979e+09,-81.0573
5.1798e+09,-86.1867
5.1798e+09,-85.8171
5.1798e+09,-83.0924
5.1798e+09,-77.2085
5.1798e+09,-73.204
5.1798e+09,-72.3878
5.1798e+09,-74.2077
5.1798e+09,-81.5662
5.1798e+09,-79.9284
5.1798e+09,-77.103
5.1798e+09,-75.0714
5.1798e+09,-79.0916
5.1798e+09,-83.2618
5.1798e+09,-78.7187
5.1798e+09,-81.7807
5.1798e+09,-98.7408
5.1798e+09,-89.764
5.1798e+09,-84.329
5.1798e+09,-80.9495
5.17981e+09,-86.3811
5.17981e+09,-85.7994
5.17981e+09,-86.2076
5.17981e+09,-84.4623
5.17981e+09,-81.5834
5.17981e+09,-86.9334
5.17981e+09,-87.7918
5.17981e+09,-84.1507
5.17981e+09,-86.2139
5.17981e+09,-85.0172
5.17981e+09,-87.5282
5.17981e+09,-90.3178
5.17981e+09,-88.4098
5.17981e+09,-89.1335
5.17981e+09,-88.0841
5.17981e+09,-83.1896
5.17981e+09,-84.7762
5.17981e+09,-84.1128
5.17981e+09,-90.3462
5.17981e+09,-87.7804
5.17982e+09,-88.275
5.17982e+09,-87.161
5.17982e+09,-88.8462
5.17982e+09,-88.7158
5.17982e+09,-86.1487
5.17982e+09,-87.4158
5.17982e+09,-90.5055
5.17982e+09,-94.349
5.17982e+09,-96.0435
5.17982e+09,-93.5052
5.17982e+09,-96.0301
5.17982e+09,-96.8967
5.17982e+09,-93.7012
5.17982e+09,-99.5543
5.17982e+09,-92.8128
5.17982e+09,-94.9986
5.17982e+09,-91.885
5.17982e+09,-99.3676
5.17982e+09,-109.026
5.17983e+09,-89.6474
5.17983e+09,-90.4081
5.17983e+09,-91.9008
5.17983e+09,-86.8565
5.17983e+09,-85.5947
5.17983e+09,-90.9722
5.17983e+09,-96.972
5.17983e+09,-95.1929
5.17983e+09,-91.2615
5.17983e+09,-90.1208
5.17983e+09,-91.9544
5.17983e+09,-101.053
5.17983e+09,-92.8587
5.17983e+09,-93.0728
5.17983e+09,-89.6942
5.17983e+09,-91.1451
5.17983e+09,-93.2037
5.17983e+09,-93.9708
5.17983e+09,-90.391
5.17983e+09,-88.8563
5.17984e+09,-94.6287
5.17984e+09,-95.7879
5.17984e+09,-95.862
5.17984e+09,-90.3052
5.17984e+09,-86.5471
5.17984e+09,-89.1695
5.17984e+09,-93.7029
5.17984e+09,-95.1808
5.17984e+09,-97.7258
5.17984e+09,-96.6309
5.17984e+09,-97.967
5.17984e+09,-102.511
5.17984e+09,-88.9716
5.17984e+09,-88.5459
5.17984e+09,-94.8396
5.17984e+09,-99.1716
5.17984e+09,-103.638
5.17984e+09,-94.0542
5.17984e+09,-89.8357
5.17985e+09,-90.6355
5.17985e+09,-90.9541
5.17985e+09,-99.317
5.17985e+09,-101.682
5.17985e+09,-93.4375
5.17985e+09,-91.355
5.17985e+09,-96.0714
5.17985e+09,-94.8111
5.17985e+09,-89.4046
5.17985e+09,-94.2776
5.17985e+09,-96.1626
5.17985e+09,-90.1083
5.17985e+09,-87.4118
5.17985e+09,-84.4965
5.17985e+09,-85.08
5.17985e+09,-91.4241
5.17985e+09,-91.9696
5.17985e+09,-91.6381
5.17985e+09,-96.8162
5.17985e+09,-93.7342
5.17986e+09,-95.4824
5.17986e+09,-101.041
5.17986e+09,-110.97
5.17986e+09,-105.108
5.17986e+09,-96.1475
5.17986e+09,-93.6744
5.17986e+09,-91.7651
5.17986e+09,-89.6072
5.17986e+09,-84.9871
5.17986e+09,-87.8126
5.17986e+09,-92.5075
5.17986e+09,-93.9307
5.17986e+09,-90.4455
5.17986e+09,-88.4275
5.17986e+09,-86.858
5.17986e+09,-92.2749
5.17986e+09,-88.6433
5.17986e+09,-88.4674
5.17986e+09,-85.7017
5.17987e+09,-89.0069
5.17987e+09,-90.7663
5.17987e+09,-93.0563
5.17987e+09,-103.952
5.17987e+09,-102.671
5.17987e+09,-103.224
5.17987e+09,-94.4917
5.17987e+09,-92.1454
5.17987e+09,-87.8614
5.17987e+09,-93.6398
5.17987e+09,-107.843
5.17987e+09,-96.8756
5.17987e+09,-91.2412
5.17987e+09,-86.025
5.17987e+09,-86.5142
5.17987e+09,-91.6092
5.17987e+09,-95.81
5.17987e+09,-97.7356
5.17987e+09,-109.217
5.17987e+09,-93.562
5.17988e+09,-90.6206
5.17988e+09,-95.2687
5.17988e+09,-88.8816
5.17988e+09,-88.9521
5.17988e+09,-88.0183
5.17988e+09,-89.3328
5.17988e+09,-94.6832
5.17988e+09,-97.5041
5.17988e+09,-89.7646
5.17988e+09,-92.7236
5.17988e+09,-96.4989
5.17988e+09,-91.9626
5.17988e+09,-93.4263
5.17988e+09,-100.798
5.17988e+09,-95.3591
5.17988e+09,-92.0084
5.17988e+09,-95.6408
5.17988e+09,-97.9928
5.17988e+09,-91.0129
5.17989e+09,-94.8729
5.17989e+09,-97.2812
5.17989e+09,-92.842
5.17989e+09,-104.292
5.17989e+09,-99.1379
5.17989e+09,-93.7922
5.17989e+09,-87.2308
5.17989e+09,-87.3775
5.17989e+09,-93.3277
5.17989e+09,-89.3483
5.17989e+09,-87.8674
5.17989e+09,-98.7594
5.17989e+09,-93.7994
5.17989e+09,-97.0672
5.17989e+09,-95.9048
5.17989e+09,-101.397
5.17989e+09,-93.2365
5.17989e+09,-92.2791
5.17989e+09,-88.8188
5.17989e+09,-88.766
5.1799e+09,-88.3505
5.1799e+09,-87.8399
5.1799e+09,-93.7537
5.1799e+09,-102.953
5.1799e+09,-96.6682
5.1799e+09,-98.388
5.1799e+09,-95.114
5.1799e+09,-91.864
5.1799e+09,-89.7751
5.1799e+09,-88.7873
5.1799e+09,-90.3122
5.1799e+09,-87.4635
5.1799e+09,-87.3806
5.1799e+09,-103.9
5.1799e+09,-87.648
5.1799e+09,-85.3064
5.1799e+09,-91.8724
5.1799e+09,-88.9014
5.1799e+09,-88.7974
5.17991e+09,-97.0357
5.17991e+09,-101.159
5.17991e+09,-91.5468
5.17991e+09,-92.3978
5.17991e+09,-92.1032
5.17991e+09,-98.3455
5.17991e+09,-92.427
5.17991e+09,-102.437
5.17991e+09,-94.4408
5.17991e+09,-96.2342
5.17991e+09,-100.262
5.17991e+09,-107.706
5.17991e+09,-100.178
5.17991e+09,-95.6384
5.17991e+09,-103.404
5.17991e+09,-97.4441
5.17991e+09,-92.9023
5.17991e+09,-88.1486
5.17991e+09,-90.6646
5.17991e+09,-94.4443
5.17992e+09,-92.0107
5.17992e+09,-91.4105
5.17992e+09,-95.2365
5.17992e+09,-100.375
5.17992e+09,-91.2307
5.17992e+09,-88.4989
5.17992e+09,-94.7615
5.17992e+09,-105.304
5.17992e+09,-100.459
5.17992e+09,-93.435
5.17992e+09,-88.8178
5.17992e+09,-90.7355
5.17992e+09,-97.6757
5.17992e+09,-86.2113
5.17992e+09,-83.89
5.17992e+09,-87.3135
5.17992e+09,-92.2754
5.17992e+09,-92.8759
5.17992e+09,-85.8897
5.17992e+09,-89.833
5.17993e+09,-103.834
5.17993e+09,-97.1851
5.17993e+09,-95.5363
5.17993e+09,-91.6352
5.17993e+09,-101.504
5.17993e+09,-101.573
5.17993e+09,-107.708
5.17993e+09,-110.433
5.17993e+09,-99.6041
5.17993e+09,-93.5057
5.17993e+09,-90.7369
5.17993e+09,-91.617
5.17993e+09,-93.443
5.17993e+09,-89.3058
5.17993e+09,-92.4569
5.17993e+09,-91.9003
5.17993e+09,-105.867
5.17993e+09,-95.6527
5.17993e+09,-101.243
5.17994e+09,-93.7529
5.17994e+09,-95.3314
5.17994e+09,-96.011
5.17994e+09,-91.2318
5.17994e+09,-98.8394
5.17994e+09,-94.7954
5.17994e+09,-95.5659
5.17994e+09,-92.2879
5.17994e+09,-89.9128
5.17994e+09,-99.8598
5.17994e+09,-94.0359
5.17994e+09,-103.152
5.17994e+09,-101.99
5.17994e+09,-104.105
5.17994e+09,-99.4167
5.17994e+09,-86.3745
5.17994e+09,-85.136
5.17994e+09,-94.9939
5.17994e+09,-91.7872
5.17994e+09,-92.2553
5.17995e+09,-98.249
5.17995e+09,-97.2933
5.17995e+09,-95.3479
5.17995e+09,-100.746
5.17995e+09,-95.6117
5.17995e+09,-89.2535
5.17995e+09,-92.4968
5.17995e+09,-92.857
5.17995e+09,-88.5058
5.17995e+09,-88.7519
5.17995e+09,-94.7879
5.17995e+09,-87.6933
5.17995e+09,-90.5236
5.17995e+09,-92.1739
5.17995e+09,-96.5854
5.17995e+09,-108.311
5.17995e+09,-99.3216
5.17995e+09,-91.9595
5.17995e+09,-95.0092
5.17996e+09,-104.652
5.17996e+09,-103.624
5.17996e+09,-98.8573
5.17996e+09,-94.2631
5.17996e+09,-88.5707
5.17996e+09,-88.7609
5.17996e+09,-92.2699
5.17996e+09,-96.7555
5.17996e+09,-94.3686
5.17996e+09,-93.3712
5.17996e+09,-91.345
5.17996e+09,-97.6022
5.17996e+09,-99.1878
5.17996e+09,-99.5387
5.17996e+09,-105.828
5.17996e+09,-90.8114
5.17996e+09,-89.8987
5.17996e+09,-101.068
5.17996e+09,-98.4184
5.17996e+09,-93.1987
5.17997e+09,-98.926
5.17997e+09,-98.3895
5.17997e+09,-91.0211
5.17997e+09,-89.0023
5.17997e+09,-89.6642
5.17997e+09,-95.9089
5.17997e+09,-109.185
5.17997e+09,-95.4666
5.17997e+09,-94.4438
5.17997e+09,-98.0972
5.17997e+09,-100.863
5.17997e+09,-95.6317
5.17997e+09,-91.9749
5.17997e+09,-94.8935
5.17997e+09,-93.3102
5.17997e+09,-88.7986
5.17997e+09,-88.2675
5.17997e+09,-100.136
5.17997e+09,-92.5331
5.17998e+09,-92.731
5.17998e+09,-98.2844
5.17998e+09,-104.343
5.17998e+09,-91.3802
5.17998e+09,-90.3968
5.17998e+09,-95.4059
5.17998e+09,-93.1291
5.17998e+09,-90.0455
5.17998e+09,-91.3336
5.17998e+09,-93.4579
5.17998e+09,-97.682
5.17998e+09,-95.4084
5.17998e+09,-91.5274
5.17998e+09,-101.822
5.17998e+09,-93.7695
5.17998e+09,-97.5916
5.17998e+09,-99.8552
5.17998e+09,-94.9451
5.17998e+09,-92.7283
5.17998e+09,-95.1749
5.17999e+09,-100.521
5.17999e+09,-100.485
5.17999e+09,-95.0781
5.17999e+09,-102.569
5.17999e+09,-101.25
5.17999e+09,-97.8311
5.17999e+09,-92.9784
5.17999e+09,-105.798
5.17999e+09,-95.0341
5.17999e+09,-96.3148
5.17999e+09,-102.481
5.17999e+09,-100.41
5.17999e+09,-92.2164
5.17999e+09,-89.4284
5.17999e+09,-98.643
5.17999e+09,-97.9341
5.17999e+09,-92.349
5.17999e+09,-95.4713
5.17999e+09,-100.329
5.18e+09,-93.8463
5.18e+09,-90.7749
5.18e+09,-93.8801
5.18e+09,-94.7612
5.18e+09,-91.4171
5.18e+09,-94.0706
5.18e+09,-96.4532
5.18e+09,-93.059
5.18e+09,-90.7838
5.18e+09,-91.2113
5.18e+09,-94.4034
5.18e+09,-99.9303
5.18e+09,-90.2714
5.18e+09,-94.3452
5.18e+09,-92.0029
5.18e+09,-86.8173
5.18e+09,-86.8154
5.18e+09,-88.5832
5.18e+09,-90.8216
5.18e+09,-95.5699
5.18001e+09,-89.9036
5.18001e+09,-93.1664
5.18001e+09,-93.2143
5.18001e+09,-89.3686
5.18001e+09,-95.1253
5.18001e+09,-99.1585
5.18001e+09,-92.8609
5.18001e+09,-94.2798
5.18001e+09,-96.2039
5.18001e+09,-96.476
5.18001e+09,-96.3128
5.18001e+09,-99.3779
5.18001e+09,-101.559
5.18001e+09,-101.984
5.18001e+09,-112.792
5.18001e+09,-98.0827
5.18001e+09,-96.6
5.18001e+09,-101.275
5.18001e+09,-94.281
5.18002e+09,-100.243
5.18002e+09,-93.8483
5.18002e+09,-94.8941
5.18002e+09,-98.3273
5.18002e+09,-116.873
5.18002e+09,-99.7966
5.18002e+09,-93.1933
5.18002e+09,-95.9302
5.18002e+09,-102.063
5.18002e+09,-99.2435
5.18002e+09,-101.363
5.18002e+09,-101.787
5.18002e+09,-93.5167
5.18002e+09,-91.7299
5.18002e+09,-93.2356
5.18002e+09,-98.1057
5.18002e+09,-92.2907
5.18002e+09,-92.376
5.18002e+09,-94.9339
5.18002e+09,-91.4071
5.18003e+09,-92.7609
5.18003e+09,-94.065
5.18003e+09,-91.1134
5.18003e+09,-97.0266
5.18003e+09,-102.149
5.18003e+09,-104.743
5.18003e+09,-104.055
5.18003e+09,-103.501
5.18003e+09,-99.7237
5.18003e+09,-96.0816
5.18003e+09,-91.2864
5.18003e+09,-94.6715
5.18003e+09,-101.453
5.18003e+09,-106.632
5.18003e+09,-97.8775
5.18003e+09,-92.2587
5.18003e+09,-95.1852
5.18003e+09,-94.8757
5.18003e+09,-99.3597
5.18004e+09,-91.5278
5.18004e+09,-94.3101
5.18004e+09,-96.2552
5.18004e+09,-96.4927
5.18004e+09,-100.278
5.18004e+09,-94.2789
5.18004e+09,-93.1589
5.18004e+09,-90.636
5.18004e+09,-88.9812
5.18004e+09,-91.3175
5.18004e+09,-94.9024
5.18004e+09,-90.2531
5.18004e+09,-90.2801
5.18004e+09,-90.1971
5.18004e+09,-88.2004
5.18004e+09,-91.2453
5.18004e+09,-89.604
5.18004e+09,-90.5899
5.18004e+09,-95.31
5.18004e+09,-94.4325
5.18005e+09,-89.7073
5.18005e+09,-91.0865
5.18005e+09,-93.7709
5.18005e+09,-98.2775
5.18005e+09,-97.824
5.18005e+09,-110.432
5.18005e+09,-96.1174
5.18005e+09,-98.9052
5.18005e+09,-90.956
5.18005e+09,-89.1707
5.18005e+09,-90.36
5.18005e+09,-93.9897
5.18005e+09,-92.1665
5.18005e+09,-95.8751
5.18005e+09,-94.3371
5.18005e+09,-93.55
5.18005e+09,-107.54
5.18005e+09,-91.2355
5.18005e+09,-93.1765
5.18006e+09,-95.0537
5.18006e+09,-101.347
5.18006e+09,-96.8106
5.18006e+09,-94.3695
5.18006e+09,-100.806
5.18006e+09,-97.0322
5.18006e+09,-92.7419
5.18006e+09,-93.4073
5.18006e+09,-104.373
5.18006e+09,-95.043
5.18006e+09,-93.0815
5.18006e+09,-92.7847
5.18006e+09,-104.465
5.18006e+09,-99.9016
5.18006e+09,-95.6217
5.18006e+09,-97.4234
5.18006e+09,-96.6371
5.18006e+09,-91.664
5.18006e+09,-93.15
5.18006e+09,-97.2931
5.18007e+09,-90.3665
5.18007e+09,-94.6613
5.18007e+09,-99.9445
5.18007e+09,-93.1216
5.18007e+09,-89.803
5.18007e+09,-90.9088
5.18007e+09,-107.061
5.18007e+09,-99.7358
5.18007e+09,-107.869
5.18007e+09,-99.2597
5.18007e+09,-99.105
5.18007e+09,-94.6566
5.18007e+09,-96.963
5.18007e+09,-100.787
5.18007e+09,-95.4488
5.18007e+09,-87.8823
5.18007e+09,-88.3151
5.18007e+09,-91.7897
5.18007e+09,-89.2267
5.18008e+09,-87.2796
5.18008e+09,-91.1207
5.18008e+09,-100.552
5.18008e+09,-101.156
5.18008e+09,-98.4796
5.18008e+09,-91.8252
5.18008e+09,-91.7255
5.18008e+09,-95.1442
5.18008e+09,-98.3424
5.18008e+09,-92.2113
5.18008e+09,-89.2633
5.18008e+09,-93.7144
5.18008e+09,-95.6431
5.18008e+09,-94.7532
5.18008e+09,-95.3324
5.18008e+09,-95.9738
5.18008e+09,-98.2538
5.18008e+09,-98.9854
5.18008e+09,-92.7549
5.18008e+09,-89.119
5.18009e+09,-94.8829
5.18009e+09,-97.9193
5.18009e+09,-94.7021
5.18009e+09,-89.6184
5.18009e+09,-89.8945
5.18009e+09,-88.7005
5.18009e+09,-89.977
5.18009e+09,-95.7764
5.18009e+09,-95.0198
5.18009e+09,-91.0635
5.18009e+09,-94.0266
5.18009e+09,-102.251
5.18009e+09,-96.4309
5.18009e+09,-97.059
5.18009e+09,-92.1254
5.18009e+09,-97.2032
5.18009e+09,-96.8934
5.18009e+09,-95.2066
5.18009e+09,-93.1209
5.18009e+09,-90.4628
5.1801e+09,-93.8786
5.1801e+09,-96.6976
5.1801e+09,-95.6672
5.1801e+09,-95.9609
5.1801e+09,-94.1363
5.1801e+09,-91.0576
5.1801e+09,-95.5327
5.1801e+09,-92.7563
5.1801e+09,-88.9332
5.1801e+09,-90.8294
5.1801e+09,-100.71
5.1801e+09,-123.391
5.1801e+09,-101.097
5.1801e+09,-93.8021
5.1801e+09,-91.3143
5.1801e+09,-95.5645
5.1801e+09,-95.5987
5.1801e+09,-93.0839
5.1801e+09,-93.2038
5.18011e+09,-93.5229
5.18011e+09,-96.1951
5.18011e+09,-101.37
5.18011e+09,-100.224
5.18011e+09,-94.819
5.18011e+09,-90.8149
5.18011e+09,-92.8995
5.18011e+09,-96.316
5.18011e+09,-95.0247
5.18011e+09,-102.856
5.18011e+09,-100.285
5.18011e+09,-95.1057
5.18011e+09,-96.8422
5.18011e+09,-89.3588
5.18011e+09,-92.2234
5.18011e+09,-95.045
5.18011e+09,-96.8192
5.18011e+09,-94.5977
5.18011e+09,-96.1482
5.18011e+09,-104.38
5.18012e+09,-99.6758
5.18012e+09,-91.5649
5.18012e+09,-92.2959
5.18012e+09,-97.991
5.18012e+09,-105.84
5.18012e+09,-103.247
5.18012e+09,-101.115
5.18012e+09,-103.004
5.18012e+09,-99.4666
5.18012e+09,-99.9232
5.18012e+09,-95.2613
5.18012e+09,-93.9572
5.18012e+09,-104.211
5.18012e+09,-107.058
5.18012e+09,-104.415
5.18012e+09,-97.596
5.18012e+09,-95.2908
5.18012e+09,-103.627
5.18012e+09,-99.2117
5.18013e+09,-102.883
5.18013e+09,-110.426
5.18013e+09,-112.915
5.18013e+09,-96.7596
5.18013e+09,-96.2186
5.18013e+09,-103.803
5.18013e+09,-116.279
5.18013e+09,-100.923
5.18013e+09,-90.9357
5.18013e+09,-92.6179
5.18013e+09,-98.7402
5.18013e+09,-87.9654
5.18013e+09,-85.6562
5.18013e+09,-86.4197
5.18013e+09,-88.9333
5.18013e+09,-89.5404
5.18013e+09,-88.9076
5.18013e+09,-92.9291
5.18013e+09,-97.1155
5.18013e+09,-91.0778
5.18014e+09,-91.366
5.18014e+09,-99.8195
5.18014e+09,-96.0179
5.18014e+09,-105.024
5.18014e+09,-91.8329
5.18014e+09,-86.052
5.18014e+09,-87.7199
5.18014e+09,-90.8118
5.18014e+09,-100.262
5.18014e+09,-107.541
5.18014e+09,-94.5921
5.18014e+09,-96.2218
5.18014e+09,-94.2038
5.18014e+09,-90.9436
5.18014e+09,-94.7672
5.18014e+09,-98.2275
5.18014e+09,-95.2898
5.18014e+09,-90.7246
5.18014e+09,-102.749
5.18015e+09,-89.6824
5.18015e+09,-92.0038
5.18015e+09,-98.9665
5.18015e+09,-102.988
5.18015e+09,-100.587
5.18015e+09,-96.0493
5.18015e+09,-90.3018
5.18015e+09,-92.3376
5.18015e+09,-93.5632
5.18015e+09,-97.9269
5.18015e+09,-98.8603
5.18015e+09,-90.2994
5.18015e+09,-89.8018
5.18015e+09,-92.0713
5.18015e+09,-90.5809
5.18015e+09,-91.4245
5.18015e+09,-92.6584
5.18015e+09,-88.32
5.18015e+09,-92.054
5.18015e+09,-92.8467
5.18016e+09,-92.3011
5.18016e+09,-103.254
5.18016e+09,-102.943
5.18016e+09,-101.006
5.18016e+09,-94.5281
5.18016e+09,-96.943
5.18016e+09,-91.6178
5.18016e+09,-92.2274
5.18016e+09,-92.0139
5.18016e+09,-103.679
5.18016e+09,-105.727
5.18016e+09,-115.069
5.18016e+09,-98.8709
5.18016e+09,-93.6986
5.18016e+09,-91.7057
5.18016e+09,-91.3511
5.18016e+09,-101.023
5.18016e+09,-97.6283
5.18016e+09,-101.544
5.18017e+09,-106.8
5.18017e+09,-97.4369
5.18017e+09,-97.421
5.18017e+09,-103.21
5.18017e+09,-103.96
5.18017e+09,-92.6613
5.18017e+09,-97.2892
5.18017e+09,-103.416
5.18017e+09,-103.564
5.18017e+09,-97.447
5.18017e+09,-94.3172
5.18017e+09,-97.0925
5.18017e+09,-96.4194
5.18017e+09,-94.5783
5.18017e+09,-98.7808
5.18017e+09,-96.2911
5.18017e+09,-92.577
5.18017e+09,-104.089
5.18017e+09,-101.785
5.18017e+09,-95.0364
5.18018e+09,-92.3559
5.18018e+09,-89.8614
5.18018e+09,-91.6579
5.18018e+09,-96.6037
5.18018e+09,-103.672
5.18018e+09,-100.378
5.18018e+09,-95.2559
5.18018e+09,-93.3355
5.18018e+09,-97.1754
5.18018e+09,-105.367
5.18018e+09,-94.3018
5.18018e+09,-95.3389
5.18018e+09,-93.5464
5.18018e+09,-96.1812
5.18018e+09,-89.4198
5.18018e+09,-88.7341
5.18018e+09,-92.1674
5.18018e+09,-111.007
5.18018e+09,-94.3386
5.18019e+09,-92.6241
5.18019e+09,-91.8668
5.18019e+09,-105.962
5.18019e+09,-94.131
5.18019e+09,-93.8998
5.18019e+09,-100.632
5.18019e+09,-106.467
5.18019e+09,-96.2679
5.18019e+09,-96.2279
5.18019e+09,-101.881
5.18019e+09,-99.4784
5.18019e+09,-99.6174
5.18019e+09,-95.5009
5.18019e+09,-94.151
5.18019e+09,-93.3097
5.18019e+09,-97.7296
5.18019e+09,-102.656
5.18019e+09,-98.5326
5.18019e+09,-96.0263
5.18019e+09,-99.1996
5.1802e+09,-98.8133
5.1802e+09,-93.0008
5.1802e+09,-94.5802
5.1802e+09,-101.08
5.1802e+09,-93.5031
5.1802e+09,-90.588
5.1802e+09,-90.1062
5.1802e+09,-97.0128
5.1802e+09,-94.2814
5.1802e+09,-91.8787
5.1802e+09,-87.4982
5.1802e+09,-89.4309
5.1802e+09,-96.0289
5.1802e+09,-107.493
5.1802e+09,-100.681
5.1802e+09,-97.4819
5.1802e+09,-99.5585
5.1802e+09,-96.6803
5.1802e+09,-99.5266
5.18021e+09,-93.6014
5.18021e+09,-92.6777
5.18021e+09,-113.223
5.18021e+09,-102.203
5.18021e+09,-99.505
5.18021e+09,-98.4081
5.18021e+09,-95.7964
5.18021e+09,-94.2652
5.18021e+09,-92.6757
5.18021e+09,-103.202
5.18021e+09,-94.1745
5.18021e+09,-94.6107
5.18021e+09,-90.2758
5.18021e+09,-85.0857
5.18021e+09,-87.755
5.18021e+09,-103.704
5.18021e+09,-95.87
5.18021e+09,-95.8253
5.18021e+09,-110.18
5.18021e+09,-105.679
5.18022e+09,-98.4329
5.18022e+09,-92.0013
5.18022e+09,-92.7679
5.18022e+09,-95.1785
5.18022e+09,-107.722
5.18022e+09,-99.816
5.18022e+09,-100.35
5.18022e+09,-108.653
5.18022e+09,-100.199
5.18022e+09,-94.0161
5.18022e+09,-92.5224
5.18022e+09,-92.9078
5.18022e+09,-93.0224
5.18022e+09,-95.1796
5.18022e+09,-96.9006
5.18022e+09,-100.241
5.18022e+09,-97.6003
5.18022e+09,-89.6541
5.18022e+09,-85.9908
5.18023e+09,-90.9741
5.18023e+09,-105.737
5.18023e+09,-96.4957
5.18023e+09,-92.8566
5.18023e+09,-96.5283
5.18023e+09,-96.2231
5.18023e+09,-100.776
5.18023e+09,-93.5607
5.18023e+09,-89.7063
5.18023e+09,-90.7397
5.18023e+09,-90.1156
5.18023e+09,-94.6778
5.18023e+09,-102.89
5.18023e+09,-96.7824
5.18023e+09,-99.6732
5.18023e+09,-100.493
5.18023e+09,-91.1999
5.18023e+09,-91.4194
5.18023e+09,-90.9131
5.18023e+09,-90.662
5.18024e+09,-94.9838
5.18024e+09,-104.279
5.18024e+09,-101.834
5.18024e+09,-105.64
5.18024e+09,-101.132
5.18024e+09,-99.5887
5.18024e+09,-103.023
5.18024e+09,-121.838
5.18024e+09,-102.439
5.18024e+09,-96.3288
5.18024e+09,-92.7416
5.18024e+09,-103.491
5.18024e+09,-90.7398
5.18024e+09,-95.3747
5.18024e+09,-93.7053
5.18024e+09,-90.8435
5.18024e+09,-90.3905
5.18024e+09,-92.2747
5.18024e+09,-98.1468
5.18024e+09,-100.316
5.18025e+09,-98.9268
5.18025e+09,-89.6498
5.18025e+09,-94.888
5.18025e+09,-94.7007
5.18025e+09,-94.4454
5.18025e+09,-96.5663
5.18025e+09,-99.0454
5.18025e+09,-93.4725
5.18025e+09,-93.4491
5.18025e+09,-93.8248
5.18025e+09,-102.239
5.18025e+09,-94.5467
5.18025e+09,-88.342
5.18025e+09,-90.2588
5.18025e+09,-109.8
5.18025e+09,-95.3844
5.18025e+09,-90.2374
5.18025e+09,-88.4933
5.18025e+09,-89.8083
5.18026e+09,-96.1349
5.18026e+09,-94.3005
5.18026e+09,-96.7166
5.18026e+09,-96.5452
5.18026e+09,-121.46
5.18026e+09,-95.6852
5.18026e+09,-106.096
5.18026e+09,-97.1807
5.18026e+09,-97.0005
5.18026e+09,-93.1933
5.18026e+09,-92.7067
5.18026e+09,-108.138
5.18026e+09,-91.6415
5.18026e+09,-89.4893
5.18026e+09,-93.797
5.18026e+09,-95.4833
5.18026e+09,-97.5261
5.18026e+09,-94.2886
5.18026e+09,-97.4094
5.18026e+09,-101.597
5.18027e+09,-99.4528
5.18027e+09,-98.258
5.18027e+09,-93.6438
5.18027e+09,-94.4598
5.18027e+09,-96.8474
5.18027e+09,-99.4956
5.18027e+09,-104.855
5.18027e+09,-91.4852
5.18027e+09,-89.1278
5.18027e+09,-88.9723
5.18027e+09,-94.0854
5.18027e+09,-103.642
5.18027e+09,-92.9525
5.18027e+09,-87.4383
5.18027e+09,-93.6029
5.18027e+09,-100.65
5.18027e+09,-93.1423
5.18027e+09,-96.9357
5.18027e+09,-90.9188
5.18028e+09,-90.819
5.18028e+09,-93.0974
5.18028e+09,-89.9358
5.18028e+09,-92.421
5.18028e+09,-93.6024
5.18028e+09,-91.7859
5.18028e+09,-90.5644
5.18028e+09,-91.9158
5.18028e+09,-99.0753
5.18028e+09,-90.3895
5.18028e+09,-90.6545
5.18028e+09,-97.7216
5.18028e+09,-104.337
5.18028e+09,-99.018
5.18028e+09,-100.032
5.18028e+09,-93.637
5.18028e+09,-98.7529
5.18028e+09,-96.972
5.18028e+09,-94.2116
5.18028e+09,-98.0608
5.18029e+09,-92.7268
5.18029e+09,-105.33
5.18029e+09,-94.7582
5.18029e+09,-104.069
5.18029e+09,-103.767
5.18029e+09,-101.046
5.18029e+09,-114.717
5.18029e+09,-96.1873
5.18029e+09,-98.6924
5.18029e+09,-103.074
5.18029e+09,-93.269
5.18029e+09,-91.1705
5.18029e+09,-93.051
5.18029e+09,-93.9077
5.18029e+09,-91.1597
5.18029e+09,-91.9365
5.18029e+09,-90.947
5.18029e+09,-93.7154
5.18029e+09,-125.344
5.1803e+09,-98.185
5.1803e+09,-91.9782
5.1803e+09,-87.8922
5.1803e+09,-87.873
5.1803e+09,-90.372
5.1803e+09,-92.0659
5.1803e+09,-97.3824
5.1803e+09,-96.9064
5.1803e+09,-89.1821
5.1803e+09,-92.1663
5.1803e+09,-91.7735
5.1803e+09,-91.5332
5.1803e+09,-91.5794
5.1803e+09,-91.6409
5.1803e+09,-92.5826
5.1803e+09,-109.571
5.1803e+09,-91.0919
5.1803e+09,-87.0318
5.1803e+09,-88.137
5.1803e+09,-93.621
5.18031e+09,-97.4931
5.18031e+09,-96.4497
5.18031e+09,-98.8196
5.18031e+09,-97.2538
5.18031e+09,-89.3853
5.18031e+09,-93.7132
5.18031e+09,-91.9062
5.18031e+09,-93.9928
5.18031e+09,-89.622
5.18031e+09,-90.318
5.18031e+09,-102.056
5.18031e+09,-93.1702
5.18031e+09,-87.387
5.18031e+09,-87.1673
5.18031e+09,-90.7462
5.18031e+09,-93.9577
5.18031e+09,-87.8043
5.18031e+09,-95.2676
5.18031e+09,-103.258
5.18032e+09,-99.2634
5.18032e+09,-95.606
5.18032e+09,-93.7211
5.18032e+09,-96.6861
5.18032e+09,-112.65
5.18032e+09,-98.4882
5.18032e+09,-101.888
5.18032e+09,-110.446
5.18032e+09,-102.088
5.18032e+09,-93.8931
5.18032e+09,-102.279
5.18032e+09,-95.7283
5.18032e+09,-95.0557
5.18032e+09,-97.7062
5.18032e+09,-95.7985
5.18032e+09,-92.3558
5.18032e+09,-87.9663
5.18032e+09,-88.7843
5.18032e+09,-94.3801
5.18032e+09,-92.9774
5.18033e+09,-88.1478
5.18033e+09,-87.1011
5.18033e+09,-95.5529
5.18033e+09,-99.8084
5.18033e+09,-106.173
5.18033e+09,-98.5876
5.18033e+09,-95.2737
5.18033e+09,-102.739
5.18033e+09,-105.803
5.18033e+09,-94.9085
5.18033e+09,-111.674
5.18033e+09,-90.8079
5.18033e+09,-91.6382
5.18033e+09,-95.8627
5.18033e+09,-95.9747
5.18033e+09,-98.0362
5.18033e+09,-101.908
5.18033e+09,-101.112
5.18033e+09,-96.5536
5.18034e+09,-89.9245
5.18034e+09,-91.696
5.18034e+09,-91.323
5.18034e+09,-92.2011
5.18034e+09,-94.2968
5.18034e+09,-92.3624
5.18034e+09,-96.6205
5.18034e+09,-93.7271
5.18034e+09,-91.8755
5.18034e+09,-92.3528
5.18034e+09,-97.438
5.18034e+09,-91.8589
5.18034e+09,-89.7661
5.18034e+09,-91.4175
5.18034e+09,-92.5494
5.18034e+09,-95.2864
5.18034e+09,-96.3693
5.18034e+09,-91.2687
5.18034e+09,-88.7552
5.18034e+09,-88.745
5.18035e+09,-90.0264
5.18035e+09,-98.7186
5.18035e+09,-97.0932
5.18035e+09,-91.809
5.18035e+09,-90.0794
5.18035e+09,-91.2063
5.18035e+09,-91.7853
5.18035e+09,-93.5201
5.18035e+09,-96.0301
5.18035e+09,-105.297
5.18035e+09,-98.3128
5.18035e+09,-91.0299
5.18035e+09,-91.2424
5.18035e+09,-100.459
5.18035e+09,-103.525
5.18035e+09,-94.1232
5.18035e+09,-94.6614
5.18035e+09,-94.3764
5.18035e+09,-98.007
5.18036e+09,-96.7633
5.18036e+09,-104.156
5.18036e+09,-102.251
5.18036e+09,-104.14
5.18036e+09,-94.4448
5.18036e+09,-91.3394
5.18036e+09,-95.1976
5.18036e+09,-100.207
5.18036e+09,-95.7298
5.18036e+09,-90.4785
5.18036e+09,-92.1741
5.18036e+09,-100.975
5.18036e+09,-105.865
5.18036e+09,-90.127
5.18036e+09,-87.9184
5.18036e+09,-91.9983
5.18036e+09,-94.7198
5.18036e+09,-91.1979
5.18036e+09,-90.6952
5.18036e+09,-92.6893
5.18037e+09,-97.6718
5.18037e+09,-111.373
5.18037e+09,-94.789
5.18037e+09,-96.4604
5.18037e+09,-108.478
5.18037e+09,-96.1641
5.18037e+09,-92.9841
5.18037e+09,-89.7275
5.18037e+09,-86.9235
5.18037e+09,-88.4512
5.18037e+09,-93.4834
5.18037e+09,-98.3622
5.18037e+09,-98.661
5.18037e+09,-95.0387
5.18037e+09,-111.521
5.18037e+09,-92.9496
5.18037e+09,-97.7153
5.18037e+09,-103.282
5.18037e+09,-97.2828
5.18038e+09,-95.7922
5.18038e+09,-112.485
5.18038e+09,-96.5092
5.18038e+09,-95.3255
5.18038e+09,-95.2208
5.18038e+09,-94.9263
5.18038e+09,-131.473
5.18038e+09,-92.9581
5.18038e+09,-94.7883
5.18038e+09,-102.853
5.18038e+09,-106.315
5.18038e+09,-96.6335
5.18038e+09,-90.2649
5.18038e+09,-88.7155
5.18038e+09,-95.1758
5.18038e+09,-99.5214
5.18038e+09,-93.8097
5.18038e+09,-92.357
5.18038e+09,-97.7048
5.18038e+09,-104.636
5.18039e+09,-89.589
5.18039e+09,-92.4784
5.18039e+09,-98.1393
5.18039e+09,-99.6077
5.18039e+09,-97.0977
5.18039e+09,-97.9409
5.18039e+09,-92.8379
5.18039e+09,-89.4379
5.18039e+09,-91.6077
5.18039e+09,-95.4437
5.18039e+09,-98.2045
5.18039e+09,-100.131
5.18039e+09,-93.1406
5.18039e+09,-92.4931
5.18039e+09,-90.7083
5.18039e+09,-88.8134
5.18039e+09,-91.556
5.18039e+09,-93.9333
5.18039e+09,-93.1397
5.1804e+09,-93.1236
5.1804e+09,-95.0748
5.1804e+09,-89.3854
5.1804e+09,-88.3344
5.1804e+09,-97.8813
5.1804e+09,-103.077
5.1804e+09,-96.762
5.1804e+09,-92.0942
5.1804e+09,-93.9569
5.1804e+09,-97.5329
5.1804e+09,-91.021
5.1804e+09,-93.7425
5.1804e+09,-89.9351
5.1804e+09,-89.9796
5.1804e+09,-97.2821
5.1804e+09,-96.2143
5.1804e+09,-95.4061
5.1804e+09,-94.0941
5.1804e+09,-104.527
5.1804e+09,-97.4082
5.18041e+09,-93.6844
5.18041e+09,-95.6583
5.18041e+09,-96.9277
5.18041e+09,-95.3325
5.18041e+09,-95.4204
5.18041e+09,-96.1761
5.18041e+09,-100.928
5.18041e+09,-102.211
5.18041e+09,-101.948
5.18041e+09,-92.0995
5.18041e+09,-92.2217
5.18041e+09,-95.1572
5.18041e+09,-91.0119
5.18041e+09,-93.3814
5.18041e+09,-96.6876
5.18041e+09,-99.9975
5.18041e+09,-92.2331
5.18041e+09,-93.7798
5.18041e+09,-90.4876
5.18041e+09,-92.2343
5.18042e+09,-101.021
5.18042e+09,-94.624
5.18042e+09,-92.6868
5.18042e+09,-91.5274
5.18042e+09,-90.7551
5.18042e+09,-102.036
5.18042e+09,-94.9469
5.18042e+09,-95.6765
5.18042e+09,-97.5737
5.18042e+09,-94.8996
5.18042e+09,-98.8039
5.18042e+09,-97.4036
5.18042e+09,-89.0867
5.18042e+09,-89.5152
5.18042e+09,-95.9286
5.18042e+09,-104.19
5.18042e+09,-100.053
5.18042e+09,-95.6354
5.18042e+09,-93.7135
5.18043e+09,-94.7182
5.18043e+09,-92.6893
5.18043e+09,-97.2928
5.18043e+09,-95.9678
5.18043e+09,-90.1513
5.18043e+09,-92.2156
5.18043e+09,-96.3656
5.18043e+09,-103.014
5.18043e+09,-91.7139
5.18043e+09,-94.7843
5.18043e+09,-93.568
5.18043e+09,-97.3461
5.18043e+09,-96.6447
5.18043e+09,-102.648
5.18043e+09,-100.05
5.18043e+09,-93.0978
5.18043e+09,-91.9535
5.18043e+09,-93.9004
5.18043e+09,-94.4561
5.18043e+09,-94.7096
5.18044e+09,-95.6424
5.18044e+09,-96.3191
5.18044e+09,-102.944
5.18044e+09,-100
5.18044e+09,-95.0947
5.18044e+09,-95.8759
5.18044e+09,-104.673
5.18044e+09,-105.512
5.18044e+09,-96.0073
5.18044e+09,-99.5706
5.18044e+09,-94.4673
5.18044e+09,-93.0748
5.18044e+09,-115.934
5.18044e+09,-98.0922
5.18044e+09,-103.322
5.18044e+09,-94.2216
5.18044e+09,-91.1267
5.18044e+09,-101.395
5.18044e+09,-90.2289
5.18045e+09,-96.2005
5.18045e+09,-103.504
5.18045e+09,-92.1501
5.18045e+09,-88.2063
5.18045e+09,-90.4643
5.18045e+09,-88.6631
5.18045e+09,-93.4315
5.18045e+09,-93.845
5.18045e+09,-90.9773
5.18045e+09,-94.7276
5.18045e+09,-101.537
5.18045e+09,-101.435
5.18045e+09,-104.582
5.18045e+09,-92.789
5.18045e+09,-89.724
5.18045e+09,-97.9656
5.18045e+09,-107.807
5.18045e+09,-94.5547
5.18045e+09,-92.8124
5.18045e+09,-98.4462
5.18046e+09,-98.1395
5.18046e+09,-103.241
5.18046e+09,-92.3677
5.18046e+09,-89.2741
5.18046e+09,-91.3461
5.18046e+09,-94.7475
5.18046e+09,-99.4029
5.18046e+09,-106.851
5.18046e+09,-95.494
5.18046e+09,-90.9771
5.18046e+09,-88.1596
5.18046e+09,-89.1175
5.18046e+09,-94.2647
5.18046e+09,-99.7972
5.18046e+09,-95.3576
5.18046e+09,-96.7164
5.18046e+09,-104.274
5.18046e+09,-96.269
5.18046e+09,-93.601
5.18047e+09,-113.33
5.18047e+09,-101.284
5.18047e+09,-95.5932
5.18047e+09,-95.9404
5.18047e+09,-113.136
5.18047e+09,-115.933
5.18047e+09,-102.24
5.18047e+09,-95.1812
5.18047e+09,-94.1127
5.18047e+09,-96.801
5.18047e+09,-106.98
5.18047e+09,-99.0268
5.18047e+09,-105.196
5.18047e+09,-104.717
5.18047e+09,-102.257
5.18047e+09,-92.5024
5.18047e+09,-90.3189
5.18047e+09,-92.0112
5.18047e+09,-95.5274
5.18047e+09,-98.3069
5.18048e+09,-91.2995
5.18048e+09,-92.0111
5.18048e+09,-94.6106
5.18048e+09,-114.551
5.18048e+09,-97.6541
5.18048e+09,-92.6707
5.18048e+09,-87.5954
5.18048e+09,-84.5659
5.18048e+09,-86.3833
5.18048e+09,-93.1718
5.18048e+09,-97.4943
5.18048e+09,-96.081
5.18048e+09,-102.033
5.18048e+09,-97.254
5.18048e+09,-96.0521
5.18048e+09,-98.5323
5.18048e+09,-98.0396
5.18048e+09,-96.4705
5.18048e+09,-96.7869
5.18049e+09,-91.7096
5.18049e+09,-97.4612
5.18049e+09,-129.322
5.18049e+09,-108.891
5.18049e+09,-96.3234
5.18049e+09,-93.7941
5.18049e+09,-103.871
5.18049e+09,-99.9985
5.18049e+09,-96.678
5.18049e+09,-100.631
5.18049e+09,-98.1745
5.18049e+09,-96.616
5.18049e+09,-96.8174
5.18049e+09,-91.1957
5.18049e+09,-98.2998
5.18049e+09,-94.3484
5.18049e+09,-94.0274
5.18049e+09,-96.5284
5.18049e+09,-91.9188
5.18049e+09,-94.9896
5.1805e+09,-99.1333
5.1805e+09,-99.243
5.1805e+09,-99.2724
5.1805e+09,-97.1848
5.1805e+09,-89.1273
5.1805e+09,-88.9798
5.1805e+09,-95.3078
5.1805e+09,-101.333
5.1805e+09,-93.9799
5.1805e+09,-88.9063
5.1805e+09,-89.0665
5.1805e+09,-104.173
5.1805e+09,-98.5213
5.1805e+09,-103.274
5.1805e+09,-94.6697
5.1805e+09,-92.9598
5.1805e+09,-103.508
5.1805e+09,-91.21
5.1805e+09,-92.3688
5.18051e+09,-88.0154
5.18051e+09,-97.0972
5.18051e+09,-90.9781
5.18051e+09,-93.3543
5.18051e+09,-99.9481
5.18051e+09,-95.7985
5.18051e+09,-99.3098
5.18051e+09,-98.5498
5.18051e+09,-102.025
5.18051e+09,-92.4336
5.18051e+09,-94.7963
5.18051e+09,-94.9563
5.18051e+09,-97.0684
5.18051e+09,-100.669
5.18051e+09,-95.6264
5.18051e+09,-95.3857
5.18051e+09,-92.0204
5.18051e+09,-90.3924
5.18051e+09,-91.3503
5.18051e+09,-89.0077
5.18052e+09,-91.8984
5.18052e+09,-89.7063
5.18052e+09,-99.9779
5.18052e+09,-103.28
5.18052e+09,-95.8791
5.18052e+09,-96.4412
5.18052e+09,-94.4221
5.18052e+09,-94.7818
5.18052e+09,-95.4977
5.18052e+09,-93.9734
5.18052e+09,-97.6643
5.18052e+09,-99.2316
5.18052e+09,-98.1387
5.18052e+09,-93.2873
5.18052e+09,-94.2686
5.18052e+09,-92.9438
5.18052e+09,-89.3917
5.18052e+09,-88.7999
5.18052e+09,-91.0662
5.18053e+09,-90.8942
5.18053e+09,-88.4089
5.18053e+09,-94.3022
5.18053e+09,-111.919
5.18053e+09,-99.1721
5.18053e+09,-93.3753
5.18053e+09,-97.9833
5.18053e+09,-104.553
5.18053e+09,-101.199
5.18053e+09,-96.3339
5.18053e+09,-93.9421
5.18053e+09,-96.8536
5.18053e+09,-97.8438
5.18053e+09,-93.7384
5.18053e+09,-91.6024
5.18053e+09,-91.4531
5.18053e+09,-96.7689
5.18053e+09,-98.5315
5.18053e+09,-104.586
5.18053e+09,-95.8813
5.18054e+09,-96.0135
5.18054e+09,-92.2941
5.18054e+09,-94.2873
5.18054e+09,-100.723
5.18054e+09,-94.2885
5.18054e+09,-101.889
5.18054e+09,-104.758
5.18054e+09,-94.2375
5.18054e+09,-94.58
5.18054e+09,-94.7898
5.18054e+09,-98.9808
5.18054e+09,-103.736
5.18054e+09,-96.3406
5.18054e+09,-93.0262
5.18054e+09,-99.7915
5.18054e+09,-92.787
5.18054e+09,-88.028
5.18054e+09,-87.605
5.18054e+09,-88.0972
5.18055e+09,-92.8695
5.18055e+09,-99.9003
5.18055e+09,-96.8774
5.18055e+09,-95.0272
5.18055e+09,-93.72
5.18055e+09,-90.1403
5.18055e+09,-97.4621
5.18055e+09,-113.662
5.18055e+09,-95.2009
5.18055e+09,-96.1171
5.18055e+09,-93.598
5.18055e+09,-87.6326
5.18055e+09,-88.2648
5.18055e+09,-94.8015
5.18055e+09,-92.2542
5.18055e+09,-98.0543
5.18055e+09,-90.7592
5.18055e+09,-91.4613
5.18055e+09,-94.0464
5.18055e+09,-93.4236
5.18056e+09,-96.1929
5.18056e+09,-91.0643
5.18056e+09,-92.6109
5.18056e+09,-102.981
5.18056e+09,-89.9996
5.18056e+09,-88.7165
5.18056e+09,-95.4948
5.18056e+09,-94.6396
5.18056e+09,-96.2072
5.18056e+09,-94.5262
5.18056e+09,-90.2144
5.18056e+09,-94.4922
5.18056e+09,-95.0183
5.18056e+09,-91.1311
5.18056e+09,-89.0696
5.18056e+09,-87.8247
5.18056e+09,-92.5555
5.18056e+09,-97.4538
5.18056e+09,-98.0191
5.18056e+09,-101.841
5.18057e+09,-106.658
5.18057e+09,-94.5163
5.18057e+09,-101.764
5.18057e+09,-91.704
5.18057e+09,-92.1247
5.18057e+09,-95.7144
5.18057e+09,-93.9445
5.18057e+09,-100.713
5.18057e+09,-102.237
5.18057e+09,-102.072
5.18057e+09,-103.205
5.18057e+09,-99.4957
5.18057e+09,-102.674
5.18057e+09,-93.2751
5.18057e+09,-98.8095
5.18057e+09,-104.182
5.18057e+09,-104.406
5.18057e+09,-93.4451
5.18057e+09,-90.6196
5.18058e+09,-88.7774
5.18058e+09,-89.765
5.18058e+09,-86.7169
5.18058e+09,-88.2941
5.18058e+09,-89.9261
5.18058e+09,-92.841
5.18058e+09,-95.115
5.18058e+09,-98.3049
5.18058e+09,-97.6168
5.18058e+09,-93.1927
5.18058e+09,-99.0491
5.18058e+09,-92.3227
5.18058e+09,-96.659
5.18058e+09,-97.6418
5.18058e+09,-103.803
5.18058e+09,-91.2091
5.18058e+09,-90.5794
5.18058e+09,-91.0954
5.18058e+09,-86.3279
5.18058e+09,-83.015
5.18059e+09,-86.6232
5.18059e+09,-100.56
5.18059e+09,-101.781
5.18059e+09,-104.739
5.18059e+09,-91.8135
5.18059e+09,-90.3534
5.18059e+09,-96.0539
5.18059e+09,-102.277
5.18059e+09,-102.151
5.18059e+09,-102.545
5.18059e+09,-99.9106
5.18059e+09,-97.8797
5.18059e+09,-97.2279
5.18059e+09,-91.9169
5.18059e+09,-89.2356
5.18059e+09,-103.189
5.18059e+09,-94.2679
5.18059e+09,-90.7138
5.18059e+09,-91.6085
5.1806e+09,-96.109
5.1806e+09,-91.2017
5.1806e+09,-87.7691
5.1806e+09,-87.8239
5.1806e+09,-97.4299
5.1806e+09,-90.2272
5.1806e+09,-88.5411
5.1806e+09,-88.4362
5.1806e+09,-90.7311
5.1806e+09,-88.1917
5.1806e+09,-89.4421
5.1806e+09,-94.507
5.1806e+09,-104.366
5.1806e+09,-93.2225
5.1806e+09,-89.3252
5.1806e+09,-89.8241
5.1806e+09,-85.4508
5.1806e+09,-84.7207
5.1806e+09,-92.8061
5.1806e+09,-95.6575
5.18061e+09,-91.3915
5.18061e+09,-96.002
5.18061e+09,-92.5582
5.18061e+09,-103.132
5.18061e+09,-89.6937
5.18061e+09,-91.6171
5.18061e+09,-92.9559
5.18061e+09,-88.7858
5.18061e+09,-89.3581
5.18061e+09,-90.9435
5.18061e+09,-92.2686
5.18061e+09,-95.8244
5.18061e+09,-100.885
5.18061e+09,-96.5607
5.18061e+09,-92.9328
5.18061e+09,-89.8434
5.18061e+09,-101.732
5.18061e+09,-93.8682
5.18061e+09,-92.6869
5.18062e+09,-88.8258
5.18062e+09,-88.8955
5.18062e+09,-87.3274
5.18062e+09,-86.2128
5.18062e+09,-87.662
5.18062e+09,-92.1152
5.18062e+09,-87.4167
5.18062e+09,-85.8286
5.18062e+09,-87.1884
5.18062e+09,-91.2285
5.18062e+09,-92.6591
5.18062e+09,-95.2693
5.18062e+09,-99.8518
5.18062e+09,-89.7788
5.18062e+09,-94.2633
5.18062e+09,-105.05
5.18062e+09,-118.73
5.18062e+09,-95.3457
5.18062e+09,-89.6124
5.18062e+09,-86.6767
5.18063e+09,-89.7392
5.18063e+09,-95.3514
5.18063e+09,-88.1002
5.18063e+09,-86.4007
5.18063e+09,-88.0748
5.18063e+09,-94.098
5.18063e+09,-108.392
5.18063e+09,-104.332
5.18063e+09,-94.0573
5.18063e+09,-97.8498
5.18063e+09,-99.1803
5.18063e+09,-97.1933
5.18063e+09,-96.4086
5.18063e+09,-95.0252
5.18063e+09,-93.1452
5.18063e+09,-91.3148
5.18063e+09,-96.6285
5.18063e+09,-103.183
5.18063e+09,-97.729
5.18064e+09,-94.0626
5.18064e+09,-99.2403
5.18064e+09,-105.483
5.18064e+09,-96.3578
5.18064e+09,-88.6763
5.18064e+09,-88.4886
5.18064e+09,-88.067
5.18064e+09,-91.1458
5.18064e+09,-93.355
5.18064e+09,-91.9912
5.18064e+09,-92.6463
5.18064e+09,-93.6248
5.18064e+09,-93.3336
5.18064e+09,-90.9156
5.18064e+09,-95.4302
5.18064e+09,-97.1178
5.18064e+09,-96.0095
5.18064e+09,-108.686
5.18064e+09,-92.606
5.18064e+09,-87.8672
5.18065e+09,-84.6637
5.18065e+09,-85.546
5.18065e+09,-91.4323
5.18065e+09,-93.9963
5.18065e+09,-84.3964
5.18065e+09,-82.7468
5.18065e+09,-87.3682
5.18065e+09,-96.8162
5.18065e+09,-108.123
5.18065e+09,-95.8969
5.18065e+09,-88.2844
5.18065e+09,-89.497
5.18065e+09,-94.9099
5.18065e+09,-92.2089
5.18065e+09,-94.7961
5.18065e+09,-115.947
5.18065e+09,-90.6575
5.18065e+09,-85.5927
5.18065e+09,-89.312
5.18066e+09,-91.1674
5.18066e+09,-90.6833
5.18066e+09,-91.2739
5.18066e+09,-92.2682
5.18066e+09,-96.9399
5.18066e+09,-88.2169
5.18066e+09,-86.1032
5.18066e+09,-86.4402
5.18066e+09,-86.1199
5.18066e+09,-89.3967
5.18066e+09,-86.9726
5.18066e+09,-86.9803
5.18066e+09,-96.9689
5.18066e+09,-93.4775
5.18066e+09,-100.544
5.18066e+09,-112.133
5.18066e+09,-90.3877
5.18066e+09,-87.539
5.18066e+09,-99.6938
5.18066e+09,-86.3245
5.18067e+09,-83.1814
5.18067e+09,-85.9627
5.18067e+09,-88.24
5.18067e+09,-88.3977
5.18067e+09,-86.0283
5.18067e+09,-91.5627
5.18067e+09,-100.851
5.18067e+09,-102.992
5.18067e+09,-95.0462
5.18067e+09,-90.4084
5.18067e+09,-90.2908
5.18067e+09,-87.5795
5.18067e+09,-90.2063
5.18067e+09,-97.0974
5.18067e+09,-90.0568
5.18067e+09,-99.552
5.18067e+09,-97.446
5.18067e+09,-98.6141
5.18067e+09,-95.9057
5.18068e+09,-101.436
5.18068e+09,-92.5977
5.18068e+09,-91.1255
5.18068e+09,-91.7059
5.18068e+09,-108.147
5.18068e+09,-89.1468
5.18068e+09,-87.3532
5.18068e+09,-89.3511
5.18068e+09,-90.8486
5.18068e+09,-89.9813
5.18068e+09,-82.5117
5.18068e+09,-82.0385
5.18068e+09,-90.3201
5.18068e+09,-97.343
5.18068e+09,-90.0811
5.18068e+09,-89.0517
5.18068e+09,-88.4238
5.18068e+09,-87.136
5.18068e+09,-92.2988
5.18068e+09,-92.7103
5.18069e+09,-96.7941
5.18069e+09,-94.7575
5.18069e+09,-88.2915
5.18069e+09,-86.6253
5.18069e+09,-90.0874
5.18069e+09,-97.813
5.18069e+09,-90.6778
5.18069e+09,-88.5414
5.18069e+09,-96.3985
5.18069e+09,-96.033
5.18069e+09,-90.0593
5.18069e+09,-85.2813
5.18069e+09,-82.7149
5.18069e+09,-84.5179
5.18069e+09,-96.341
5.18069e+09,-90.9241
5.18069e+09,-89.5484
5.18069e+09,-87.415
5.18069e+09,-86.1156
5.1807e+09,-83.9707
5.1807e+09,-84.787
5.1807e+09,-89.9825
5.1807e+09,-93.7171
5.1807e+09,-90.2125
5.1807e+09,-91.382
5.1807e+09,-84.9182
5.1807e+09,-88.1594
5.1807e+09,-89.4669
5.1807e+09,-87.8428
5.1807e+09,-88.1614
5.1807e+09,-90.8365
5.1807e+09,-86.7235
5.1807e+09,-90.8784
5.1807e+09,-89.4239
5.1807e+09,-100.209
5.1807e+09,-97.4832
5.1807e+09,-89.1491
5.1807e+09,-86.9626
5.1807e+09,-83.9836
5.18071e+09,-92.2563
5.18071e+09,-97.1565
5.18071e+09,-91.7289
5.18071e+09,-98.9477
5.18071e+09,-94.7373
5.18071e+09,-87.7386
5.18071e+09,-86.7483
5.18071e+09,-85.6236
5.18071e+09,-88.6643
5.18071e+09,-109.525
5.18071e+09,-84.7406
5.18071e+09,-80.1176
5.18071e+09,-81.6786
5.18071e+09,-85.2085
5.18071e+09,-89.7906
5.18071e+09,-89.4321
5.18071e+09,-89.2909
5.18071e+09,-91.1364
5.18071e+09,-86.518
5.18072e+09,-91.8924
5.18072e+09,-106.183
5.18072e+09,-98.8554
5.18072e+09,-91.4083
5.18072e+09,-88.1061
5.18072e+09,-86.4129
5.18072e+09,-86.9766
5.18072e+09,-91.4919
5.18072e+09,-93.5045
5.18072e+09,-91.371
5.18072e+09,-88.6942
5.18072e+09,-96.0135
5.18072e+09,-88.0608
5.18072e+09,-100.664
5.18072e+09,-91.0107
5.18072e+09,-91.8709
5.18072e+09,-83.1502
5.18072e+09,-82.6585
5.18072e+09,-85.1522
5.18072e+09,-86.4043
5.18073e+09,-96.8747
5.18073e+09,-96.862
5.18073e+09,-90.6259
5.18073e+09,-87.0415
5.18073e+09,-86.2358
5.18073e+09,-95.5924
5.18073e+09,-86.6189
5.18073e+09,-86.2542
5.18073e+09,-93.6977
5.18073e+09,-85.8524
5.18073e+09,-81.8564
5.18073e+09,-87.558
5.18073e+09,-89.8272
5.18073e+09,-97.8929
5.18073e+09,-92.7339
5.18073e+09,-93.8519
5.18073e+09,-90.0737
5.18073e+09,-86.6028
5.18073e+09,-88.918
5.18073e+09,-97.6448
5.18074e+09,-101.775
5.18074e+09,-98.4477
5.18074e+09,-93.788
5.18074e+09,-88.6216
5.18074e+09,-85.4935
5.18074e+09,-87.6931
5.18074e+09,-94.7742
5.18074e+09,-92.2508
5.18074e+09,-89.5426
5.18074e+09,-84.1705
5.18074e+09,-89.9169
5.18074e+09,-88.7075
5.18074e+09,-88.5966
5.18074e+09,-92.7711
5.18074e+09,-111.138
5.18074e+09,-89.1858
5.18074e+09,-84.4714
5.18074e+09,-89.851
5.18074e+09,-88.4681
5.18075e+09,-88.7586
5.18075e+09,-88.8811
5.18075e+09,-86.8189
5.18075e+09,-94.2096
5.18075e+09,-91.1878
5.18075e+09,-88.349
5.18075e+09,-83.4709
5.18075e+09,-86.4945
5.18075e+09,-95.8237
5.18075e+09,-92.2851
5.18075e+09,-92.2885
5.18075e+09,-98.0355
5.18075e+09,-95.4804
5.18075e+09,-104.215
5.18075e+09,-92.0863
5.18075e+09,-87.6473
5.18075e+09,-85.7486
5.18075e+09,-87.9853
5.18075e+09,-88.983
5.18075e+09,-84.5473
5.18076e+09,-84.2282
5.18076e+09,-84.1287
5.18076e+09,-88.3353
5.18076e+09,-94.3838
5.18076e+09,-95.0022
5.18076e+09,-87.2112
5.18076e+09,-87.4507
5.18076e+09,-93.5624
5.18076e+09,-91.4593
5.18076e+09,-90.1722
5.18076e+09,-100.682
5.18076e+09,-94.3982
5.18076e+09,-85.2417
5.18076e+09,-83.0555
5.18076e+09,-87.8864
5.18076e+09,-92.9248
5.18076e+09,-89.8011
5.18076e+09,-83.9796
5.18076e+09,-82.4061
5.18077e+09,-85.1684
5.18077e+09,-89.4245
5.18077e+09,-90.6801
5.18077e+09,-89.9011
5.18077e+09,-85.8442
5.18077e+09,-87.1993
5.18077e+09,-89.4891
5.18077e+09,-91.9111
5.18077e+09,-91.1877
5.18077e+09,-92.444
5.18077e+09,-92.9809
5.18077e+09,-91.7359
5.18077e+09,-92.7011
5.18077e+09,-86.085
5.18077e+09,-92.78
5.18077e+09,-91.7579
5.18077e+09,-95.314
5.18077e+09,-90.0805
5.18077e+09,-93.8339
5.18077e+09,-92.2744
5.18078e+09,-86.9001
5.18078e+09,-106.709
5.18078e+09,-82.6068
5.18078e+09,-80.7319
5.18078e+09,-83.6101
5.18078e+09,-87.449
5.18078e+09,-87.1183
5.18078e+09,-84.0188
5.18078e+09,-83.7082
5.18078e+09,-87.1547
5.18078e+09,-80.9735
5.18078e+09,-85.8119
5.18078e+09,-88.4899
5.18078e+09,-88.5531
5.18078e+09,-96.0705
5.18078e+09,-86.1703
5.18078e+09,-88.8217
5.18078e+09,-87.1765
5.18078e+09,-86.401
5.18079e+09,-87.5964
5.18079e+09,-84.1876
5.18079e+09,-92.2163
5.18079e+09,-98.6185
5.18079e+09,-97.491
5.18079e+09,-91.703
5.18079e+09,-87.5266
5.18079e+09,-96.862
5.18079e+09,-87.2318
5.18079e+09,-85.1502
5.18079e+09,-86.3111
5.18079e+09,-90.5233
5.18079e+09,-90.5036
5.18079e+09,-89.0059
5.18079e+09,-83.2742
5.18079e+09,-84.1916
5.18079e+09,-87.1209
5.18079e+09,-99.0155
5.18079e+09,-96.3227
5.18079e+09,-89.689
5.1808e+09,-93.6595
5.1808e+09,-86.7928
5.1808e+09,-87.4662
5.1808e+09,-92.7391
5.1808e+09,-99.9237
5.1808e+09,-83.7987
5.1808e+09,-83.7319
5.1808e+09,-88.827
5.1808e+09,-97.6513
5.1808e+09,-87.3479
5.1808e+09,-87.6149
5.1808e+09,-90.7178
5.1808e+09,-86.4981
5.1808e+09,-86.0201
5.1808e+09,-88.2974
5.1808e+09,-90.7944
5.1808e+09,-88.803
5.1808e+09,-88.1269
5.1808e+09,-97.8282
5.18081e+09,-89.2518
5.18081e+09,-82.5966
5.18081e+09,-85.3502
5.18081e+09,-85.6866
5.18081e+09,-83.7222
5.18081e+09,-89.1078
5.18081e+09,-85.7404
5.18081e+09,-84.4671
5.18081e+09,-87.3082
5.18081e+09,-84.4549
5.18081e+09,-81.3343
5.18081e+09,-90.9479
5.18081e+09,-95.8388
5.18081e+09,-92.6111
5.18081e+09,-97.8983
5.18081e+09,-85.6804
5.18081e+09,-86.045
5.18081e+09,-89.0581
5.18081e+09,-90.5866
5.18081e+09,-98.9267
5.18082e+09,-85.8699
5.18082e+09,-83.4063
5.18082e+09,-84.9953
5.18082e+09,-87.4116
5.18082e+09,-88.6877
5.18082e+09,-84.3036
5.18082e+09,-84.9504
5.18082e+09,-87.92
5.18082e+09,-83.7479
5.18082e+09,-90.9693
5.18082e+09,-89.5776
5.18082e+09,-83.3018
5.18082e+09,-79.2622
5.18082e+09,-78.547
5.18082e+09,-86.4091
5.18082e+09,-90.4818
5.18082e+09,-87.8052
5.18082e+09,-85.6352
5.18082e+09,-83.0827
5.18083e+09,-86.506
5.18083e+09,-99.9673
5.18083e+09,-89.6493
5.18083e+09,-82.6642
5.18083e+09,-83.383
5.18083e+09,-93.6782
5.18083e+09,-89.4558
5.18083e+09,-84.2102
5.18083e+09,-81.7891
5.18083e+09,-85.4851
5.18083e+09,-93.2702
5.18083e+09,-87.6925
5.18083e+09,-88.166
5.18083e+09,-97.3746
5.18083e+09,-84.5459
5.18083e+09,-89.8505
5.18083e+09,-93.8567
5.18083e+09,-90.9277
5.18083e+09,-89.2187
5.18083e+09,-95.2343
5.18084e+09,-82.144
5.18084e+09,-90.2673
5.18084e+09,-91.4546
5.18084e+09,-89.971
5.18084e+09,-86.9202
5.18084e+09,-93.916
5.18084e+09,-90.7485
5.18084e+09,-84.0041
5.18084e+09,-84.0375
5.18084e+09,-88.3262
5.18084e+09,-96.8757
5.18084e+09,-90.702
5.18084e+09,-89.7038
5.18084e+09,-94.0249
5.18084e+09,-97.706
5.18084e+09,-88.2796
5.18084e+09,-88.0142
5.18084e+09,-88.1204
5.18084e+09,-84.275
5.18085e+09,-95.9467
5.18085e+09,-87.3329
5.18085e+09,-96.779
5.18085e+09,-90.4755
5.18085e+09,-95.3304
